DATA;ZK;0.10;;;;;;;;;;;;;;;;;;;;;;;;;;;;;;;;;;;;;;
KTG;BROŃ;;;;;;;;;;;;;;;;;;;;;;;;;;;;;;;;;;;;;;;
SUBKTG;BIAŁA;;;;;;;;;;;;;;;;;;;;;;;;;;;;;;;;;;;;;;;
Bałta;;;Żelazna;300;2;0;;;;;;;;;;;;;;;;;;;;;;;;;;;;;;;;;;
PODITEM;;;Stalowa;1.5;1;0;;;;;;;;;;;;;;;;;;;;;;;;;;;;;;;;;;
PODITEM;;;Brązowa;0.7;1;0;;;;;;;;;;;;;;;;;;;;;;;;;;;;;;;;;;
PODITEM;;;Kamienna;0.5;1;0;;;;;;;;;;;;;;;;;;;;;;;;;;;;;;;;;;
PODITEM;;;Kościana;0.6;1;0;;;;;;;;;;;;;;;;;;;;;;;;;;;;;;;;;;
PODITEM;;;O lekkim obuchu;0.8;1;0;;;;;;;;;;;;;;;;;;;;;;;;;;;;;;;;;;
PODITEM;;;O ciężkim obuchu;1.5;2;0;;;;;;;;;;;;;;;;;;;;;;;;;;;;;;;;;;
PODITEM;;;Dobrze wyważona;2;2;0;;;;;;;;;;;;;;;;;;;;;;;;;;;;;;;;;;
PODITEM;;;Źle wyważona;0.5;1;0;;;;;;;;;;;;;;;;;;;;;;;;;;;;;;;;;;
PODITEM;;;Z porządnym styliskiem;1.7;2;0;;;;;;;;;;;;;;;;;;;;;;;;;;;;;;;;;;
PODITEM;;;Z łamliwym styliskiem;0.5;1;0;;;;;;;;;;;;;;;;;;;;;;;;;;;;;;;;;;
PODITEM;;;Z zatrutym ostrzem;3;2;0;;;;;;;;;;;;;;;;;;;;;;;;;;;;;;;;;;
PODITEM;;;Paradna;4;3;0;;;;;;;;;;;;;;;;;;;;;;;;;;;;;;;;;;
PODITEM;;;Naostrzona;1.2;1;0;;;;;;;;;;;;;;;;;;;;;;;;;;;;;;;;;;
PODITEM;;;Tępa;0.8;1;0;;;;;;;;;;;;;;;;;;;;;;;;;;;;;;;;;;
PODITEM;;;Z metalowym trzonkiem;1.5;2;0;;;;;;;;;;;;;;;;;;;;;;;;;;;;;;;;;;
Bastard;;;Żelazny;350;2;0;;;;;;;;;;;;;;;;;;;;;;;;;;;;;;;;;;
PODITEM;;;Stalowy;1.4;1;0;;;;;;;;;;;;;;;;;;;;;;;;;;;;;;;;;;
PODITEM;;;Brązowy;0.6;1;0;;;;;;;;;;;;;;;;;;;;;;;;;;;;;;;;;;
PODITEM;;;O ciężkiej głowni;1.2;1;0;;;;;;;;;;;;;;;;;;;;;;;;;;;;;;;;;;
PODITEM;;;O lekkiej głowni;1.2;1;0;;;;;;;;;;;;;;;;;;;;;;;;;;;;;;;;;;
PODITEM;;;Naostrzony;1.2;1;0;;;;;;;;;;;;;;;;;;;;;;;;;;;;;;;;;;
PODITEM;;;Tępy;0.8;1;0;;;;;;;;;;;;;;;;;;;;;;;;;;;;;;;;;;
PODITEM;;;O ostrych jelcach;1.3;1;0;;;;;;;;;;;;;;;;;;;;;;;;;;;;;;;;;;
PODITEM;;;O zatrutym ostrzu;3;2;0;;;;;;;;;;;;;;;;;;;;;;;;;;;;;;;;;;
PODITEM;;;O ząbkowanym ostrzu;2;2;0;;;;;;;;;;;;;;;;;;;;;;;;;;;;;;;;;;
PODITEM;;;O kruchym ostrzu;0.5;1;0;;;;;;;;;;;;;;;;;;;;;;;;;;;;;;;;;;
PODITEM;;;Paradny;4;3;0;;;;;;;;;;;;;;;;;;;;;;;;;;;;;;;;;;
PODITEM;;;O grawerowanej głowni;1.5;2;0;;;;;;;;;;;;;;;;;;;;;;;;;;;;;;;;;;
Berdysz;;;Żelazny;500;2;0;;;;;;;;;;;;;;;;;;;;;;;;;;;;;;;;;;
PODITEM;;;Stalowy;1.5;1;0;;;;;;;;;;;;;;;;;;;;;;;;;;;;;;;;;;
PODITEM;;;Brązowy;0.7;1;0;;;;;;;;;;;;;;;;;;;;;;;;;;;;;;;;;;
PODITEM;;;Kamienny;0.5;1;0;;;;;;;;;;;;;;;;;;;;;;;;;;;;;;;;;;
PODITEM;;;Kościany;0.6;1;0;;;;;;;;;;;;;;;;;;;;;;;;;;;;;;;;;;
PODITEM;;;O lekkim obuchu;0.8;1;0;;;;;;;;;;;;;;;;;;;;;;;;;;;;;;;;;;
PODITEM;;;O ciężkim obuchu;1.5;2;0;;;;;;;;;;;;;;;;;;;;;;;;;;;;;;;;;;
PODITEM;;;Dobrze wyważony;2;2;0;;;;;;;;;;;;;;;;;;;;;;;;;;;;;;;;;;
PODITEM;;;Źle wyważony;0.5;1;0;;;;;;;;;;;;;;;;;;;;;;;;;;;;;;;;;;
PODITEM;;;Z porządnym styliskiem;1.7;2;0;;;;;;;;;;;;;;;;;;;;;;;;;;;;;;;;;;
PODITEM;;;Z łamliwym styliskiem;0.5;1;0;;;;;;;;;;;;;;;;;;;;;;;;;;;;;;;;;;
PODITEM;;;Z zatrutym ostrzem;3;2;0;;;;;;;;;;;;;;;;;;;;;;;;;;;;;;;;;;
PODITEM;;;Paradny;4;3;0;;;;;;;;;;;;;;;;;;;;;;;;;;;;;;;;;;
PODITEM;;;Naostrzony;1.2;1;0;;;;;;;;;;;;;;;;;;;;;;;;;;;;;;;;;;
PODITEM;;;Tępy;0.8;1;0;;;;;;;;;;;;;;;;;;;;;;;;;;;;;;;;;;
Bułat;;;Z demasceńskiej stali;340;2;0;;;;;;;;;;;;;;;;;;;;;;;;;;;;;;;;;;
PODITEM;;;O ciężkiej głowni;1.2;1;0;;;;;;;;;;;;;;;;;;;;;;;;;;;;;;;;;;
PODITEM;;;O lekkiej głowni;1.2;1;0;;;;;;;;;;;;;;;;;;;;;;;;;;;;;;;;;;
PODITEM;;;Naostrzony;1.2;1;0;;;;;;;;;;;;;;;;;;;;;;;;;;;;;;;;;;
PODITEM;;;Tępy;0.8;1;0;;;;;;;;;;;;;;;;;;;;;;;;;;;;;;;;;;
PODITEM;;;O ostrych jelcach;1.3;1;0;;;;;;;;;;;;;;;;;;;;;;;;;;;;;;;;;;
PODITEM;;;O zatrutym ostrzu;3;2;0;;;;;;;;;;;;;;;;;;;;;;;;;;;;;;;;;;
PODITEM;;;O ząbkowanym ostrzu;2;2;0;;;;;;;;;;;;;;;;;;;;;;;;;;;;;;;;;;
PODITEM;;;O kruchym ostrzu;0.5;1;0;;;;;;;;;;;;;;;;;;;;;;;;;;;;;;;;;;
PODITEM;;;Paradny;4;3;0;;;;;;;;;;;;;;;;;;;;;;;;;;;;;;;;;;
PODITEM;;;O grawerowanej głowni;1.5;2;0;;;;;;;;;;;;;;;;;;;;;;;;;;;;;;;;;;
PODITEM;;;Dobrze wyważony;2;1;0;;;;;;;;;;;;;;;;;;;;;;;;;;;;;;;;;;
PODITEM;;;Źle wyważony;0.8;1;0;;;;;;;;;;;;;;;;;;;;;;;;;;;;;;;;;;
Buława;;;Żelazna;200;1;0;;;;;;;;;;;;;;;;;;;;;;;;;;;;;;;;;;
PODITEM;;;Stalowa;1.5;1;0;;;;;;;;;;;;;;;;;;;;;;;;;;;;;;;;;;
PODITEM;;;Brązowa;0.8;1;0;;;;;;;;;;;;;;;;;;;;;;;;;;;;;;;;;;
PODITEM;;;Kościana;0.8;1;0;;;;;;;;;;;;;;;;;;;;;;;;;;;;;;;;;;
PODITEM;;;Kamienna;0.6;1;0;;;;;;;;;;;;;;;;;;;;;;;;;;;;;;;;;;
PODITEM;;;Dobrze wyważona;1.5;2;0;;;;;;;;;;;;;;;;;;;;;;;;;;;;;;;;;;
PODITEM;;;Źle wyważona;0.7;1;0;;;;;;;;;;;;;;;;;;;;;;;;;;;;;;;;;;
PODITEM;;;Paradna;4;3;0;;;;;;;;;;;;;;;;;;;;;;;;;;;;;;;;;;
PODITEM;;;O ciężkiej głowicy;1.8;2;0;;;;;;;;;;;;;;;;;;;;;;;;;;;;;;;;;;
PODITEM;;;O lekkiej głowicy;0.8;1;0;;;;;;;;;;;;;;;;;;;;;;;;;;;;;;;;;;
Buzdygan;;;Żelazny;120;1;0;;;;;;;;;;;;;;;;;;;;;;;;;;;;;;;;;;
PODITEM;;;Stalowy;1.5;1;0;;;;;;;;;;;;;;;;;;;;;;;;;;;;;;;;;;
PODITEM;;;Brązowy;0.8;1;0;;;;;;;;;;;;;;;;;;;;;;;;;;;;;;;;;;
PODITEM;;;Kościany;0.8;1;0;;;;;;;;;;;;;;;;;;;;;;;;;;;;;;;;;;
PODITEM;;;Kamienna;0.6;1;0;;;;;;;;;;;;;;;;;;;;;;;;;;;;;;;;;;
PODITEM;;;Dobrze wyważony;1.5;2;0;;;;;;;;;;;;;;;;;;;;;;;;;;;;;;;;;;
PODITEM;;;Źle wyważony;0.7;1;0;;;;;;;;;;;;;;;;;;;;;;;;;;;;;;;;;;
PODITEM;;;Paradny;4;3;0;;;;;;;;;;;;;;;;;;;;;;;;;;;;;;;;;;
PODITEM;;;O ciężkiej głowicy;1.8;2;0;;;;;;;;;;;;;;;;;;;;;;;;;;;;;;;;;;
PODITEM;;;O lekkiej głowicy;0.8;1;0;;;;;;;;;;;;;;;;;;;;;;;;;;;;;;;;;;
Cep bojowy;;;Z żelazną sztabą;20;1;0;;;;;;;;;;;;;;;;;;;;;;;;;;;;;;;;;;
PODITEM;;;Ze stalową sztabą;1.2;1;0;;;;;;;;;;;;;;;;;;;;;;;;;;;;;;;;;;
PODITEM;;;Ze sztabą nabijaną kolcami;1.5;2;0;;;;;;;;;;;;;;;;;;;;;;;;;;;;;;;;;;
PODITEM;;;Z długim łańcuchem;2;1;0;;;;;;;;;;;;;;;;;;;;;;;;;;;;;;;;;;
PODITEM;;;Z krótkim łańcuchem ;1.4;1;0;;;;;;;;;;;;;;;;;;;;;;;;;;;;;;;;;;
PODITEM;;;Dobrze wyważony;2;1;0;;;;;;;;;;;;;;;;;;;;;;;;;;;;;;;;;;
PODITEM;;;Źle wyważony;1;1;0;;;;;;;;;;;;;;;;;;;;;;;;;;;;;;;;;;
PODITEM;;;Z porządnym styliskiem;1.5;2;0;;;;;;;;;;;;;;;;;;;;;;;;;;;;;;;;;;
PODITEM;;;Z kruchym styliskiem;0.5;1;0;;;;;;;;;;;;;;;;;;;;;;;;;;;;;;;;;;
PODITEM;;;Z trucizną;4;3;0;;;;;;;;;;;;;;;;;;;;;;;;;;;;;;;;;;
Czekan;;;Żelazny;170;1;0;;;;;;;;;;;;;;;;;;;;;;;;;;;;;;;;;;
PODITEM;;;Stalowy;1.5;1;0;;;;;;;;;;;;;;;;;;;;;;;;;;;;;;;;;;
PODITEM;;;Brązowy;0.7;1;0;;;;;;;;;;;;;;;;;;;;;;;;;;;;;;;;;;
PODITEM;;;Kamienny;0.5;1;0;;;;;;;;;;;;;;;;;;;;;;;;;;;;;;;;;;
PODITEM;;;Kościany;0.6;1;0;;;;;;;;;;;;;;;;;;;;;;;;;;;;;;;;;;
PODITEM;;;O lekkiej siekierze;0.8;1;0;;;;;;;;;;;;;;;;;;;;;;;;;;;;;;;;;;
PODITEM;;;O ciężkiej siekierze;1.5;2;0;;;;;;;;;;;;;;;;;;;;;;;;;;;;;;;;;;
PODITEM;;;Dobrze wyważony;2;2;0;;;;;;;;;;;;;;;;;;;;;;;;;;;;;;;;;;
PODITEM;;;Źle wyważony;0.5;1;0;;;;;;;;;;;;;;;;;;;;;;;;;;;;;;;;;;
PODITEM;;;Z porządnym styliskiem;1.7;2;0;;;;;;;;;;;;;;;;;;;;;;;;;;;;;;;;;;
PODITEM;;;Z łamliwym styliskiem;0.5;1;0;;;;;;;;;;;;;;;;;;;;;;;;;;;;;;;;;;
PODITEM;;;Z zatrutym ostrzem;3;2;0;;;;;;;;;;;;;;;;;;;;;;;;;;;;;;;;;;
PODITEM;;;Paradny;4;3;0;;;;;;;;;;;;;;;;;;;;;;;;;;;;;;;;;;
PODITEM;;;Naostrzony;1.2;1;0;;;;;;;;;;;;;;;;;;;;;;;;;;;;;;;;;;
PODITEM;;;Tępy;0.8;1;0;;;;;;;;;;;;;;;;;;;;;;;;;;;;;;;;;;
Długi miecz;;;Żelazny;200;1;0;;;;;;;;;;;;;;;;;;;;;;;;;;;;;;;;;;
PODITEM;;;Stalowy;1.4;1;0;;;;;;;;;;;;;;;;;;;;;;;;;;;;;;;;;;
PODITEM;;;Brązowy;0.6;1;0;;;;;;;;;;;;;;;;;;;;;;;;;;;;;;;;;;
PODITEM;;;O ciężkiej głowni;1.2;1;0;;;;;;;;;;;;;;;;;;;;;;;;;;;;;;;;;;
PODITEM;;;O lekkiej głowni;1.2;1;0;;;;;;;;;;;;;;;;;;;;;;;;;;;;;;;;;;
PODITEM;;;Naostrzony;1.2;1;0;;;;;;;;;;;;;;;;;;;;;;;;;;;;;;;;;;
PODITEM;;;Tępy;0.8;1;0;;;;;;;;;;;;;;;;;;;;;;;;;;;;;;;;;;
PODITEM;;;O ostrych jelcach;1.3;1;0;;;;;;;;;;;;;;;;;;;;;;;;;;;;;;;;;;
PODITEM;;;O zatrutym ostrzu;3;2;0;;;;;;;;;;;;;;;;;;;;;;;;;;;;;;;;;;
PODITEM;;;O ząbkowanym ostrzu;2;2;0;;;;;;;;;;;;;;;;;;;;;;;;;;;;;;;;;;
PODITEM;;;O kruchym ostrzu;0.5;1;0;;;;;;;;;;;;;;;;;;;;;;;;;;;;;;;;;;
PODITEM;;;Paradny;4;2;0;;;;;;;;;;;;;;;;;;;;;;;;;;;;;;;;;;
PODITEM;;;O grawerowanej głowni;1.5;2;0;;;;;;;;;;;;;;;;;;;;;;;;;;;;;;;;;;
PODITEM;;;Dobrze wyważony;2;1;0;;;;;;;;;;;;;;;;;;;;;;;;;;;;;;;;;;
PODITEM;;;Źle wyważony;0.8;1;0;;;;;;;;;;;;;;;;;;;;;;;;;;;;;;;;;;
Dzida;;;Z kamiennym grotem;8;1;0;;;;;;;;;;;;;;;;;;;;;;;;;;;;;;;;;;
PODITEM;;;Z metalowym grotem;1.5;1;0;;;;;;;;;;;;;;;;;;;;;;;;;;;;;;;;;;
PODITEM;;;Z kościanym grotem;1.3;1;0;;;;;;;;;;;;;;;;;;;;;;;;;;;;;;;;;;
PODITEM;;;Dobrze wyważona;2;1;0;;;;;;;;;;;;;;;;;;;;;;;;;;;;;;;;;;
PODITEM;;;Źle wyważona;0.5;1;0;;;;;;;;;;;;;;;;;;;;;;;;;;;;;;;;;;
PODITEM;;;Z zatrutym grotem;4;2;0;;;;;;;;;;;;;;;;;;;;;;;;;;;;;;;;;;
PODITEM;;;Z kruchym grotem;1;1;0;;;;;;;;;;;;;;;;;;;;;;;;;;;;;;;;;;
PODITEM;;;Z hakowatym grotem;2;2;0;;;;;;;;;;;;;;;;;;;;;;;;;;;;;;;;;;
PODITEM;;;Z solidnym drzewcem;2;1;0;;;;;;;;;;;;;;;;;;;;;;;;;;;;;;;;;;
PODITEM;;;Z łamliwym drzewcem;0.5;1;0;;;;;;;;;;;;;;;;;;;;;;;;;;;;;;;;;;
Dziryt;;Dziryt z drzewa może odbić się w locie, ale dzirytu ze słów nie odbijesz - przysłowie maoryjskie.;Z kamiennym grotem;25;1;5;;;;;;;;;;;;;;;;;;;;;;;;;;;;;;;;;;
PODITEM;;;Z metalowym grotem;1.5;1;0;;;;;;;;;;;;;;;;;;;;;;;;;;;;;;;;;;
PODITEM;;;Z kościanym grotem;1.3;1;0;;;;;;;;;;;;;;;;;;;;;;;;;;;;;;;;;;
PODITEM;;;Dobrze wyważona;2;1;0;;;;;;;;;;;;;;;;;;;;;;;;;;;;;;;;;;
PODITEM;;;Źle wyważona;0.5;1;0;;;;;;;;;;;;;;;;;;;;;;;;;;;;;;;;;;
PODITEM;;;Z zatrutym grotem;4;2;0;;;;;;;;;;;;;;;;;;;;;;;;;;;;;;;;;;
PODITEM;;;Z kruchym grotem;1;1;0;;;;;;;;;;;;;;;;;;;;;;;;;;;;;;;;;;
PODITEM;;;Z hakowatym grotem;2;2;0;;;;;;;;;;;;;;;;;;;;;;;;;;;;;;;;;;
PODITEM;;;Z solidnym drzewcem;2;1;0;;;;;;;;;;;;;;;;;;;;;;;;;;;;;;;;;;
PODITEM;;;Z łamliwym drzewcem;0.5;1;0;;;;;;;;;;;;;;;;;;;;;;;;;;;;;;;;;;
Estok;;;Żelazny;300;2;0;;;;;;;;;;;;;;;;;;;;;;;;;;;;;;;;;;
PODITEM;;;Stalowy;1.4;1;0;;;;;;;;;;;;;;;;;;;;;;;;;;;;;;;;;;
PODITEM;;;Brązowy;0.6;1;0;;;;;;;;;;;;;;;;;;;;;;;;;;;;;;;;;;
PODITEM;;;O ciężkiej głowni;1.2;1;0;;;;;;;;;;;;;;;;;;;;;;;;;;;;;;;;;;
PODITEM;;;O lekkiej głowni;1.2;1;0;;;;;;;;;;;;;;;;;;;;;;;;;;;;;;;;;;
PODITEM;;;Naostrzony;1.2;1;0;;;;;;;;;;;;;;;;;;;;;;;;;;;;;;;;;;
PODITEM;;;Tępy;0.8;1;0;;;;;;;;;;;;;;;;;;;;;;;;;;;;;;;;;;
PODITEM;;;O ostrych jelcach;1.3;1;0;;;;;;;;;;;;;;;;;;;;;;;;;;;;;;;;;;
PODITEM;;;O zatrutym ostrzu;3;2;0;;;;;;;;;;;;;;;;;;;;;;;;;;;;;;;;;;
PODITEM;;;O ząbkowanym ostrzu;2;2;0;;;;;;;;;;;;;;;;;;;;;;;;;;;;;;;;;;
PODITEM;;;O kruchym ostrzu;0.5;1;0;;;;;;;;;;;;;;;;;;;;;;;;;;;;;;;;;;
PODITEM;;;Paradny;4;2;0;;;;;;;;;;;;;;;;;;;;;;;;;;;;;;;;;;
PODITEM;;;O grawerowanej głowni;1.5;2;0;;;;;;;;;;;;;;;;;;;;;;;;;;;;;;;;;;
PODITEM;;;Dobrze wyważony;2;1;0;;;;;;;;;;;;;;;;;;;;;;;;;;;;;;;;;;
PODITEM;;;Źle wyważony;0.8;1;0;;;;;;;;;;;;;;;;;;;;;;;;;;;;;;;;;;
Falcata;;;Żelazna;90;1;0;;;;;;;;;;;;;;;;;;;;;;;;;;;;;;;;;;
PODITEM;;;Stalowa;1.4;1;0;;;;;;;;;;;;;;;;;;;;;;;;;;;;;;;;;;
PODITEM;;;Brązowa;0.6;1;0;;;;;;;;;;;;;;;;;;;;;;;;;;;;;;;;;;
PODITEM;;;O ciężkiej głowni;1.2;1;0;;;;;;;;;;;;;;;;;;;;;;;;;;;;;;;;;;
PODITEM;;;O lekkiej głowni;1.2;1;0;;;;;;;;;;;;;;;;;;;;;;;;;;;;;;;;;;
PODITEM;;;Naostrzona;1.2;1;0;;;;;;;;;;;;;;;;;;;;;;;;;;;;;;;;;;
PODITEM;;;Tępa;0.8;1;0;;;;;;;;;;;;;;;;;;;;;;;;;;;;;;;;;;
PODITEM;;;O ostrych jelcach;1.3;1;0;;;;;;;;;;;;;;;;;;;;;;;;;;;;;;;;;;
PODITEM;;;O zatrutym ostrzu;3;2;0;;;;;;;;;;;;;;;;;;;;;;;;;;;;;;;;;;
PODITEM;;;O ząbkowanym ostrzu;2;2;0;;;;;;;;;;;;;;;;;;;;;;;;;;;;;;;;;;
PODITEM;;;O kruchym ostrzu;0.5;1;0;;;;;;;;;;;;;;;;;;;;;;;;;;;;;;;;;;
PODITEM;;;Paradna;4;2;0;;;;;;;;;;;;;;;;;;;;;;;;;;;;;;;;;;
PODITEM;;;O grawerowanej głowni;1.5;2;0;;;;;;;;;;;;;;;;;;;;;;;;;;;;;;;;;;
PODITEM;;;Dobrze wyważona;2;1;0;;;;;;;;;;;;;;;;;;;;;;;;;;;;;;;;;;
PODITEM;;;Źle wyważona;0.8;1;0;;;;;;;;;;;;;;;;;;;;;;;;;;;;;;;;;;
Flamberge;;;Żelazny;300;2;0;;;;;;;;;;;;;;;;;;;;;;;;;;;;;;;;;;
PODITEM;;;Stalowy;1.4;1;0;;;;;;;;;;;;;;;;;;;;;;;;;;;;;;;;;;
PODITEM;;;Brązowy;0.6;1;0;;;;;;;;;;;;;;;;;;;;;;;;;;;;;;;;;;
PODITEM;;;O ciężkiej głowni;1.2;1;0;;;;;;;;;;;;;;;;;;;;;;;;;;;;;;;;;;
PODITEM;;;O lekkiej głowni;1.2;1;0;;;;;;;;;;;;;;;;;;;;;;;;;;;;;;;;;;
PODITEM;;;Naostrzony;1.2;1;0;;;;;;;;;;;;;;;;;;;;;;;;;;;;;;;;;;
PODITEM;;;Tępy;0.8;1;0;;;;;;;;;;;;;;;;;;;;;;;;;;;;;;;;;;
PODITEM;;;O ostrych jelcach;1.3;1;0;;;;;;;;;;;;;;;;;;;;;;;;;;;;;;;;;;
PODITEM;;;O zatrutym ostrzu;3;2;0;;;;;;;;;;;;;;;;;;;;;;;;;;;;;;;;;;
PODITEM;;;O kruchym ostrzu;0.5;1;0;;;;;;;;;;;;;;;;;;;;;;;;;;;;;;;;;;
PODITEM;;;Paradny;4;2;0;;;;;;;;;;;;;;;;;;;;;;;;;;;;;;;;;;
PODITEM;;;O grawerowanej głowni;1.5;2;0;;;;;;;;;;;;;;;;;;;;;;;;;;;;;;;;;;
PODITEM;;;Dobrze wyważony;2;1;0;;;;;;;;;;;;;;;;;;;;;;;;;;;;;;;;;;
PODITEM;;;Źle wyważony;0.8;1;0;;;;;;;;;;;;;;;;;;;;;;;;;;;;;;;;;;
Gizarma;;;Z metalowym grotem;90;1;0;;;;;;;;;;;;;;;;;;;;;;;;;;;;;;;;;;
PODITEM;;;Z kamiennym grotem;0.3;2;0;;;;;;;;;;;;;;;;;;;;;;;;;;;;;;;;;;
PODITEM;;;Z kościanym grotem;0.6;1;0;;;;;;;;;;;;;;;;;;;;;;;;;;;;;;;;;;
PODITEM;;;Dobrze wyważona;2;1;0;;;;;;;;;;;;;;;;;;;;;;;;;;;;;;;;;;
PODITEM;;;Źle wyważona;0.5;1;0;;;;;;;;;;;;;;;;;;;;;;;;;;;;;;;;;;
PODITEM;;;Z zatrutym grotem;4;2;0;;;;;;;;;;;;;;;;;;;;;;;;;;;;;;;;;;
PODITEM;;;Z kruchym grotem;1;1;0;;;;;;;;;;;;;;;;;;;;;;;;;;;;;;;;;;
PODITEM;;;Z solidnym drzewcem;2;1;0;;;;;;;;;;;;;;;;;;;;;;;;;;;;;;;;;;
PODITEM;;;Z łamliwym drzewcem;0.5;1;0;;;;;;;;;;;;;;;;;;;;;;;;;;;;;;;;;;
Gladius;;;Żelazny;150;1;0;;;;;;;;;;;;;;;;;;;;;;;;;;;;;;;;;;
PODITEM;;;Stalowy;1.4;1;0;;;;;;;;;;;;;;;;;;;;;;;;;;;;;;;;;;
PODITEM;;;Brązowy;0.6;1;0;;;;;;;;;;;;;;;;;;;;;;;;;;;;;;;;;;
PODITEM;;;O ciężkiej głowni;1.2;1;0;;;;;;;;;;;;;;;;;;;;;;;;;;;;;;;;;;
PODITEM;;;O lekkiej głowni;1.2;1;0;;;;;;;;;;;;;;;;;;;;;;;;;;;;;;;;;;
PODITEM;;;Naostrzony;1.2;1;0;;;;;;;;;;;;;;;;;;;;;;;;;;;;;;;;;;
PODITEM;;;Tępy;0.8;1;0;;;;;;;;;;;;;;;;;;;;;;;;;;;;;;;;;;
PODITEM;;;O zatrutym ostrzu;3;2;0;;;;;;;;;;;;;;;;;;;;;;;;;;;;;;;;;;
PODITEM;;;O ząbkowanym ostrzu;2;2;0;;;;;;;;;;;;;;;;;;;;;;;;;;;;;;;;;;
PODITEM;;;O kruchym ostrzu;0.5;1;0;;;;;;;;;;;;;;;;;;;;;;;;;;;;;;;;;;
PODITEM;;;Paradny;4;2;0;;;;;;;;;;;;;;;;;;;;;;;;;;;;;;;;;;
PODITEM;;;O grawerowanej głowni;1.5;2;0;;;;;;;;;;;;;;;;;;;;;;;;;;;;;;;;;;
PODITEM;;;Dobrze wyważony;2;1;0;;;;;;;;;;;;;;;;;;;;;;;;;;;;;;;;;;
PODITEM;;;Źle wyważony;0.8;1;0;;;;;;;;;;;;;;;;;;;;;;;;;;;;;;;;;;
Glewia;;;Żelazna;100;1;0;;;;;;;;;;;;;;;;;;;;;;;;;;;;;;;;;;
PODITEM;;;Stalowa;1.5;1;0;;;;;;;;;;;;;;;;;;;;;;;;;;;;;;;;;;
PODITEM;;;Brązowa;0.7;1;0;;;;;;;;;;;;;;;;;;;;;;;;;;;;;;;;;;
PODITEM;;;Kamienna;0.5;1;0;;;;;;;;;;;;;;;;;;;;;;;;;;;;;;;;;;
PODITEM;;;Kościana;0.6;1;0;;;;;;;;;;;;;;;;;;;;;;;;;;;;;;;;;;
PODITEM;;;O lekkim obuchu;0.8;1;0;;;;;;;;;;;;;;;;;;;;;;;;;;;;;;;;;;
PODITEM;;;O ciężkim obuchu;1.5;2;0;;;;;;;;;;;;;;;;;;;;;;;;;;;;;;;;;;
PODITEM;;;Dobrze wyważona;2;2;0;;;;;;;;;;;;;;;;;;;;;;;;;;;;;;;;;;
PODITEM;;;Źle wyważona;0.5;1;0;;;;;;;;;;;;;;;;;;;;;;;;;;;;;;;;;;
PODITEM;;;Z porządnym styliskiem;1.7;2;0;;;;;;;;;;;;;;;;;;;;;;;;;;;;;;;;;;
PODITEM;;;Z łamliwym styliskiem;0.5;1;0;;;;;;;;;;;;;;;;;;;;;;;;;;;;;;;;;;
PODITEM;;;Z zatrutym ostrzem;3;2;0;;;;;;;;;;;;;;;;;;;;;;;;;;;;;;;;;;
PODITEM;;;Paradna;4;3;0;;;;;;;;;;;;;;;;;;;;;;;;;;;;;;;;;;
PODITEM;;;Naostrzona;1.2;1;0;;;;;;;;;;;;;;;;;;;;;;;;;;;;;;;;;;
PODITEM;;;Tępa;0.8;1;0;;;;;;;;;;;;;;;;;;;;;;;;;;;;;;;;;;
Halabarda;;;Żelazna;250;2;0;;;;;;;;;;;;;;;;;;;;;;;;;;;;;;;;;;
PODITEM;;;Stalowa;1.5;1;0;;;;;;;;;;;;;;;;;;;;;;;;;;;;;;;;;;
PODITEM;;;Brązowa;0.7;1;0;;;;;;;;;;;;;;;;;;;;;;;;;;;;;;;;;;
PODITEM;;;Kamienna;0.5;1;0;;;;;;;;;;;;;;;;;;;;;;;;;;;;;;;;;;
PODITEM;;;Kościana;0.6;1;0;;;;;;;;;;;;;;;;;;;;;;;;;;;;;;;;;;
PODITEM;;;O lekkim obuchu;0.8;1;0;;;;;;;;;;;;;;;;;;;;;;;;;;;;;;;;;;
PODITEM;;;O ciężkim obuchu;1.5;2;0;;;;;;;;;;;;;;;;;;;;;;;;;;;;;;;;;;
PODITEM;;;Dobrze wyważona;2;2;0;;;;;;;;;;;;;;;;;;;;;;;;;;;;;;;;;;
PODITEM;;;Źle wyważona;0.5;1;0;;;;;;;;;;;;;;;;;;;;;;;;;;;;;;;;;;
PODITEM;;;Z porządnym styliskiem;1.7;2;0;;;;;;;;;;;;;;;;;;;;;;;;;;;;;;;;;;
PODITEM;;;Z łamliwym styliskiem;0.5;1;0;;;;;;;;;;;;;;;;;;;;;;;;;;;;;;;;;;
PODITEM;;;Z zatrutym ostrzem;3;2;0;;;;;;;;;;;;;;;;;;;;;;;;;;;;;;;;;;
PODITEM;;;Paradna;4;3;0;;;;;;;;;;;;;;;;;;;;;;;;;;;;;;;;;;
PODITEM;;;Naostrzona;1.2;1;0;;;;;;;;;;;;;;;;;;;;;;;;;;;;;;;;;;
PODITEM;;;Tępa;0.8;1;0;;;;;;;;;;;;;;;;;;;;;;;;;;;;;;;;;;
Hasta;;;Z metalowym grotem;90;1;0;;;;;;;;;;;;;;;;;;;;;;;;;;;;;;;;;;
PODITEM;;;Z kamiennym grotem;0.3;2;0;;;;;;;;;;;;;;;;;;;;;;;;;;;;;;;;;;
PODITEM;;;Z kościanym grotem;0.6;1;0;;;;;;;;;;;;;;;;;;;;;;;;;;;;;;;;;;
PODITEM;;;Dobrze wyważona;2;1;0;;;;;;;;;;;;;;;;;;;;;;;;;;;;;;;;;;
PODITEM;;;Źle wyważona;0.5;1;0;;;;;;;;;;;;;;;;;;;;;;;;;;;;;;;;;;
PODITEM;;;Z zatrutym grotem;4;2;0;;;;;;;;;;;;;;;;;;;;;;;;;;;;;;;;;;
PODITEM;;;Z kruchym grotem;1;1;0;;;;;;;;;;;;;;;;;;;;;;;;;;;;;;;;;;
PODITEM;;;Z solidnym drzewcem;2;1;0;;;;;;;;;;;;;;;;;;;;;;;;;;;;;;;;;;
PODITEM;;;Z łamliwym drzewcem;0.5;1;0;;;;;;;;;;;;;;;;;;;;;;;;;;;;;;;;;;
Jatagan;;;Żelazny;200;1;0;;;;;;;;;;;;;;;;;;;;;;;;;;;;;;;;;;
PODITEM;;;Stalowy;1.4;1;0;;;;;;;;;;;;;;;;;;;;;;;;;;;;;;;;;;
PODITEM;;;Brązowy;0.6;1;0;;;;;;;;;;;;;;;;;;;;;;;;;;;;;;;;;;
PODITEM;;;O ciężkiej głowni;1.2;1;0;;;;;;;;;;;;;;;;;;;;;;;;;;;;;;;;;;
PODITEM;;;O lekkiej głowni;1.2;1;0;;;;;;;;;;;;;;;;;;;;;;;;;;;;;;;;;;
PODITEM;;;Naostrzony;1.2;1;0;;;;;;;;;;;;;;;;;;;;;;;;;;;;;;;;;;
PODITEM;;;Tępy;0.8;1;0;;;;;;;;;;;;;;;;;;;;;;;;;;;;;;;;;;
PODITEM;;;O ostrych jelcach;1.3;1;0;;;;;;;;;;;;;;;;;;;;;;;;;;;;;;;;;;
PODITEM;;;O zatrutym ostrzu;3;2;0;;;;;;;;;;;;;;;;;;;;;;;;;;;;;;;;;;
PODITEM;;;O ząbkowanym ostrzu;2;2;0;;;;;;;;;;;;;;;;;;;;;;;;;;;;;;;;;;
PODITEM;;;O kruchym ostrzu;0.5;1;0;;;;;;;;;;;;;;;;;;;;;;;;;;;;;;;;;;
PODITEM;;;Paradny;4;2;0;;;;;;;;;;;;;;;;;;;;;;;;;;;;;;;;;;
PODITEM;;;O grawerowanej głowni;1.5;2;0;;;;;;;;;;;;;;;;;;;;;;;;;;;;;;;;;;
PODITEM;;;Dobrze wyważony;2;1;0;;;;;;;;;;;;;;;;;;;;;;;;;;;;;;;;;;
PODITEM;;;Źle wyważony;0.8;1;0;;;;;;;;;;;;;;;;;;;;;;;;;;;;;;;;;;
Kastet;;;;30;1;0;;;;;;;;;;;;;;;;;;;;;;;;;;;;;;;;;;
PODITEM;;;Zatruty;4;2;0;;;;;;;;;;;;;;;;;;;;;;;;;;;;;;;;;;
PODITEM;;;Ciężki;1;1;0;;;;;;;;;;;;;;;;;;;;;;;;;;;;;;;;;;
PODITEM;;;Lekki;1;1;0;;;;;;;;;;;;;;;;;;;;;;;;;;;;;;;;;;
PODITEM;;;Zdobiony;4;2;0;;;;;;;;;;;;;;;;;;;;;;;;;;;;;;;;;;
PODITEM;;;Grawerowany;1.5;1;0;;;;;;;;;;;;;;;;;;;;;;;;;;;;;;;;;;
PODITEM;;;Ćwiekowany;2;1;0;;;;;;;;;;;;;;;;;;;;;;;;;;;;;;;;;;
Katana;;;;320;2;0;;;;;;;;;;;;;;;;;;;;;;;;;;;;;;;;;;
PODITEM;;;Naostrzona;1.2;1;0;;;;;;;;;;;;;;;;;;;;;;;;;;;;;;;;;;
PODITEM;;;Tępa;0.8;1;0;;;;;;;;;;;;;;;;;;;;;;;;;;;;;;;;;;
PODITEM;;;O zatrutym ostrzu;3;2;0;;;;;;;;;;;;;;;;;;;;;;;;;;;;;;;;;;
PODITEM;;;O kruchym ostrzu;0.5;1;0;;;;;;;;;;;;;;;;;;;;;;;;;;;;;;;;;;
PODITEM;;;Paradna;6;2;0;;;;;;;;;;;;;;;;;;;;;;;;;;;;;;;;;;
PODITEM;;;O grawerowanej głowni;1.5;2;0;;;;;;;;;;;;;;;;;;;;;;;;;;;;;;;;;;
PODITEM;;;Dobrze wyważona;2;2;0;;;;;;;;;;;;;;;;;;;;;;;;;;;;;;;;;;
PODITEM;;;Źle wyważona;0.8;1;0;;;;;;;;;;;;;;;;;;;;;;;;;;;;;;;;;;
Kiścień;;;Z żelazną głowicą;280;2;0;;;;;;;;;;;;;;;;;;;;;;;;;;;;;;;;;;
PODITEM;;;Ze stalową głowicą;1.5;1;0;;;;;;;;;;;;;;;;;;;;;;;;;;;;;;;;;;
PODITEM;;;Z brązową głowicą;0.8;1;0;;;;;;;;;;;;;;;;;;;;;;;;;;;;;;;;;;
PODITEM;;;Z kościaną głowicą;0.8;1;0;;;;;;;;;;;;;;;;;;;;;;;;;;;;;;;;;;
PODITEM;;;Dobrze wyważony;1.5;2;0;;;;;;;;;;;;;;;;;;;;;;;;;;;;;;;;;;
PODITEM;;;Źle wyważony;0.7;1;0;;;;;;;;;;;;;;;;;;;;;;;;;;;;;;;;;;
PODITEM;;;Paradny;4;3;0;;;;;;;;;;;;;;;;;;;;;;;;;;;;;;;;;;
PODITEM;;;O ciężkiej głowicy;1.8;2;0;;;;;;;;;;;;;;;;;;;;;;;;;;;;;;;;;;
PODITEM;;;O lekkiej głowicy;0.8;1;0;;;;;;;;;;;;;;;;;;;;;;;;;;;;;;;;;;
PODITEM;;;Z długim łańcuchem;1.6;1;0;;;;;;;;;;;;;;;;;;;;;;;;;;;;;;;;;;
PODITEM;;;Z krótkim łańcuchem ;0.8;1;0;;;;;;;;;;;;;;;;;;;;;;;;;;;;;;;;;;
PODITEM;;;Ze zwijanym łańcuchem;2;2;0;;;;;;;;;;;;;;;;;;;;;;;;;;;;;;;;;;
Koncerz;;;Żelazny;250;2;0;;;;;;;;;;;;;;;;;;;;;;;;;;;;;;;;;;
PODITEM;;;Stalowy;1.4;1;0;;;;;;;;;;;;;;;;;;;;;;;;;;;;;;;;;;
PODITEM;;;Brązowy;0.6;1;0;;;;;;;;;;;;;;;;;;;;;;;;;;;;;;;;;;
PODITEM;;;O ciężkiej głowni;1.2;1;0;;;;;;;;;;;;;;;;;;;;;;;;;;;;;;;;;;
PODITEM;;;O lekkiej głowni;1.2;1;0;;;;;;;;;;;;;;;;;;;;;;;;;;;;;;;;;;
PODITEM;;;Naostrzony;1.2;1;0;;;;;;;;;;;;;;;;;;;;;;;;;;;;;;;;;;
PODITEM;;;Tępy;0.8;1;0;;;;;;;;;;;;;;;;;;;;;;;;;;;;;;;;;;
PODITEM;;;O ostrych jelcach;1.3;1;0;;;;;;;;;;;;;;;;;;;;;;;;;;;;;;;;;;
PODITEM;;;O zatrutym ostrzu;3;2;0;;;;;;;;;;;;;;;;;;;;;;;;;;;;;;;;;;
PODITEM;;;O ząbkowanym ostrzu;2;2;0;;;;;;;;;;;;;;;;;;;;;;;;;;;;;;;;;;
PODITEM;;;O kruchym ostrzu;0.5;1;0;;;;;;;;;;;;;;;;;;;;;;;;;;;;;;;;;;
PODITEM;;;Paradny;4;2;0;;;;;;;;;;;;;;;;;;;;;;;;;;;;;;;;;;
PODITEM;;;O grawerowanej głowni;1.5;2;0;;;;;;;;;;;;;;;;;;;;;;;;;;;;;;;;;;
PODITEM;;;Dobrze wyważony;2;1;0;;;;;;;;;;;;;;;;;;;;;;;;;;;;;;;;;;
PODITEM;;;Źle wyważony;0.8;1;0;;;;;;;;;;;;;;;;;;;;;;;;;;;;;;;;;;
Kopia;;;Z metalowym grotem;90;1;0;;;;;;;;;;;;;;;;;;;;;;;;;;;;;;;;;;
PODITEM;;;Z kamiennym grotem;0.3;2;0;;;;;;;;;;;;;;;;;;;;;;;;;;;;;;;;;;
PODITEM;;;Z kościanym grotem;0.6;1;0;;;;;;;;;;;;;;;;;;;;;;;;;;;;;;;;;;
PODITEM;;;Dobrze wyważona;2;1;0;;;;;;;;;;;;;;;;;;;;;;;;;;;;;;;;;;
PODITEM;;;Źle wyważona;0.5;1;0;;;;;;;;;;;;;;;;;;;;;;;;;;;;;;;;;;
PODITEM;;;Z zatrutym grotem;4;2;0;;;;;;;;;;;;;;;;;;;;;;;;;;;;;;;;;;
PODITEM;;;Z kruchym grotem;1;1;0;;;;;;;;;;;;;;;;;;;;;;;;;;;;;;;;;;
PODITEM;;;Z solidnym drzewcem;2;1;0;;;;;;;;;;;;;;;;;;;;;;;;;;;;;;;;;;
PODITEM;;;Z łamliwym drzewcem;0.5;1;0;;;;;;;;;;;;;;;;;;;;;;;;;;;;;;;;;;
PODITEM;;;Ze zdobionym grotem;2;2;0;;;;;;;;;;;;;;;;;;;;;;;;;;;;;;;;;;
PODITEM;;;Paradna;4;3;0;;;;;;;;;;;;;;;;;;;;;;;;;;;;;;;;;;
Kord;;;Żelazny;30;1;0;;;;;;;;;;;;;;;;;;;;;;;;;;;;;;;;;;
PODITEM;;;Stalowy;2;1;0;;;;;;;;;;;;;;;;;;;;;;;;;;;;;;;;;;
PODITEM;;;Brązowy;0.5;1;0;;;;;;;;;;;;;;;;;;;;;;;;;;;;;;;;;;
PODITEM;;;Z grawerowanym ostrzem;1.4;1;0;;;;;;;;;;;;;;;;;;;;;;;;;;;;;;;;;;
PODITEM;;;Ozdobny;1.8;1;0;;;;;;;;;;;;;;;;;;;;;;;;;;;;;;;;;;
PODITEM;;;Paradny;3;2;0;;;;;;;;;;;;;;;;;;;;;;;;;;;;;;;;;;
PODITEM;;;Z zatrutym ostrzem;4;1;0;;;;;;;;;;;;;;;;;;;;;;;;;;;;;;;;;;
PODITEM;;;O kruchym ostrzu;0.6;1;0;;;;;;;;;;;;;;;;;;;;;;;;;;;;;;;;;;
PODITEM;;;O twardym ostrzu;1.4;1;0;;;;;;;;;;;;;;;;;;;;;;;;;;;;;;;;;;
PODITEM;;;Dobrze wyważony;2;2;0;;;;;;;;;;;;;;;;;;;;;;;;;;;;;;;;;;
PODITEM;;;Źle wyważony;0.7;1;0;;;;;;;;;;;;;;;;;;;;;;;;;;;;;;;;;;
Kosa bojowa;;;;30;1;0;;;;;;;;;;;;;;;;;;;;;;;;;;;;;;;;;;
PODITEM;;;Z ząbkowanym ostrzem;1.2;1;0;;;;;;;;;;;;;;;;;;;;;;;;;;;;;;;;;;
PODITEM;;;Z zatrutym ostrzem;2;2;0;;;;;;;;;;;;;;;;;;;;;;;;;;;;;;;;;;
PODITEM;;;Dobrze wyważona;2;1;0;;;;;;;;;;;;;;;;;;;;;;;;;;;;;;;;;;
PODITEM;;;Źle wyważona;1;1;0;;;;;;;;;;;;;;;;;;;;;;;;;;;;;;;;;;
PODITEM;;;Z porządnym styliskiem;2;1;0;;;;;;;;;;;;;;;;;;;;;;;;;;;;;;;;;;
PODITEM;;;Z łamliwym styliskiem;1;1;0;;;;;;;;;;;;;;;;;;;;;;;;;;;;;;;;;;
Krótki miecz;;;Żelazny;30;1;0;;;;;;;;;;;;;;;;;;;;;;;;;;;;;;;;;;
PODITEM;;;Stalowy;1.4;1;0;;;;;;;;;;;;;;;;;;;;;;;;;;;;;;;;;;
PODITEM;;;Brązowy;0.6;1;0;;;;;;;;;;;;;;;;;;;;;;;;;;;;;;;;;;
PODITEM;;;O ciężkiej głowni;1.2;1;0;;;;;;;;;;;;;;;;;;;;;;;;;;;;;;;;;;
PODITEM;;;O lekkiej głowni;1.2;1;0;;;;;;;;;;;;;;;;;;;;;;;;;;;;;;;;;;
PODITEM;;;Naostrzony;1.2;1;0;;;;;;;;;;;;;;;;;;;;;;;;;;;;;;;;;;
PODITEM;;;Tępy;0.8;1;0;;;;;;;;;;;;;;;;;;;;;;;;;;;;;;;;;;
PODITEM;;;O ostrych jelcach;1.3;1;0;;;;;;;;;;;;;;;;;;;;;;;;;;;;;;;;;;
PODITEM;;;O zatrutym ostrzu;3;2;0;;;;;;;;;;;;;;;;;;;;;;;;;;;;;;;;;;
PODITEM;;;O ząbkowanym ostrzu;2;2;0;;;;;;;;;;;;;;;;;;;;;;;;;;;;;;;;;;
PODITEM;;;O kruchym ostrzu;0.5;1;0;;;;;;;;;;;;;;;;;;;;;;;;;;;;;;;;;;
PODITEM;;;Paradny;4;2;0;;;;;;;;;;;;;;;;;;;;;;;;;;;;;;;;;;
PODITEM;;;O grawerowanej głowni;1.5;2;0;;;;;;;;;;;;;;;;;;;;;;;;;;;;;;;;;;
PODITEM;;;Dobrze wyważony;2;1;0;;;;;;;;;;;;;;;;;;;;;;;;;;;;;;;;;;
PODITEM;;;Źle wyważony;0.8;1;0;;;;;;;;;;;;;;;;;;;;;;;;;;;;;;;;;;
Lanca;;;Z uchwytem na chorągiewkę;120;1;0;;;;;;;;;;;;;;;;;;;;;;;;;;;;;;;;;;
PODITEM;;;Z metalowym grotem;1;1;0;;;;;;;;;;;;;;;;;;;;;;;;;;;;;;;;;;
PODITEM;;;Z kamiennym grotem;0.3;2;0;;;;;;;;;;;;;;;;;;;;;;;;;;;;;;;;;;
PODITEM;;;Z kościanym grotem;0.6;2;0;;;;;;;;;;;;;;;;;;;;;;;;;;;;;;;;;;
PODITEM;;;Dobrze wyważona;2;1;0;;;;;;;;;;;;;;;;;;;;;;;;;;;;;;;;;;
PODITEM;;;Źle wyważona;0.5;1;0;;;;;;;;;;;;;;;;;;;;;;;;;;;;;;;;;;
PODITEM;;;Z zatrutym grotem;4;2;0;;;;;;;;;;;;;;;;;;;;;;;;;;;;;;;;;;
PODITEM;;;Z kruchym grotem;1;1;0;;;;;;;;;;;;;;;;;;;;;;;;;;;;;;;;;;
PODITEM;;;Z solidnym drzewcem;2;1;0;;;;;;;;;;;;;;;;;;;;;;;;;;;;;;;;;;
PODITEM;;;Z łamliwym drzewcem;0.5;1;0;;;;;;;;;;;;;;;;;;;;;;;;;;;;;;;;;;
PODITEM;;;Ze zdobionym grotem;2;2;0;;;;;;;;;;;;;;;;;;;;;;;;;;;;;;;;;;
PODITEM;;;Paradna;4;3;0;;;;;;;;;;;;;;;;;;;;;;;;;;;;;;;;;;
Maczeta;;;Żelazna;30;1;0;;;;;;;;;;;;;;;;;;;;;;;;;;;;;;;;;;
PODITEM;;;Stalowa;1.4;1;0;;;;;;;;;;;;;;;;;;;;;;;;;;;;;;;;;;
PODITEM;;;Brązowa;0.6;1;0;;;;;;;;;;;;;;;;;;;;;;;;;;;;;;;;;;
PODITEM;;;O ciężkiej głowni;1.2;1;0;;;;;;;;;;;;;;;;;;;;;;;;;;;;;;;;;;
PODITEM;;;O lekkiej głowni;1.2;1;0;;;;;;;;;;;;;;;;;;;;;;;;;;;;;;;;;;
PODITEM;;;Naostrzona;1.2;1;0;;;;;;;;;;;;;;;;;;;;;;;;;;;;;;;;;;
PODITEM;;;Tępa;0.8;1;0;;;;;;;;;;;;;;;;;;;;;;;;;;;;;;;;;;
PODITEM;;;O zatrutym ostrzu;3;2;0;;;;;;;;;;;;;;;;;;;;;;;;;;;;;;;;;;
PODITEM;;;O ząbkowanym ostrzu;2;2;0;;;;;;;;;;;;;;;;;;;;;;;;;;;;;;;;;;
PODITEM;;;Paradna;4;2;0;;;;;;;;;;;;;;;;;;;;;;;;;;;;;;;;;;
PODITEM;;;O grawerowanej głowni;1.5;2;0;;;;;;;;;;;;;;;;;;;;;;;;;;;;;;;;;;
PODITEM;;;Dobrze wyważona;2;1;0;;;;;;;;;;;;;;;;;;;;;;;;;;;;;;;;;;
PODITEM;;;Źle wyważona;0.8;1;0;;;;;;;;;;;;;;;;;;;;;;;;;;;;;;;;;;
Maczuga;;;Drewniana;10;1;0;;;;;;;;;;;;;;;;;;;;;;;;;;;;;;;;;;
PODITEM;;;Kościana;2;1;0;;;;;;;;;;;;;;;;;;;;;;;;;;;;;;;;;;
PODITEM;;;Kamienna;1.5;1;0;;;;;;;;;;;;;;;;;;;;;;;;;;;;;;;;;;
PODITEM;;;Ciężka;1.5;1;0;;;;;;;;;;;;;;;;;;;;;;;;;;;;;;;;;;
PODITEM;;;Lekka;0.7;1;0;;;;;;;;;;;;;;;;;;;;;;;;;;;;;;;;;;
PODITEM;;;Krucha;0.7;1;0;;;;;;;;;;;;;;;;;;;;;;;;;;;;;;;;;;
PODITEM;;;Solidna;1.2;1;0;;;;;;;;;;;;;;;;;;;;;;;;;;;;;;;;;;
Miecz;;;Żelazny;50;1;0;;;;;;;;;;;;;;;;;;;;;;;;;;;;;;;;;;
PODITEM;;;Stalowy;1.4;1;0;;;;;;;;;;;;;;;;;;;;;;;;;;;;;;;;;;
PODITEM;;;Brązowy;0.6;1;0;;;;;;;;;;;;;;;;;;;;;;;;;;;;;;;;;;
PODITEM;;;O ciężkiej głowni;1.2;1;0;;;;;;;;;;;;;;;;;;;;;;;;;;;;;;;;;;
PODITEM;;;O lekkiej głowni;1.2;1;0;;;;;;;;;;;;;;;;;;;;;;;;;;;;;;;;;;
PODITEM;;;Naostrzony;1.2;1;0;;;;;;;;;;;;;;;;;;;;;;;;;;;;;;;;;;
PODITEM;;;Tępy;0.8;1;0;;;;;;;;;;;;;;;;;;;;;;;;;;;;;;;;;;
PODITEM;;;O ostrych jelcach;1.3;1;0;;;;;;;;;;;;;;;;;;;;;;;;;;;;;;;;;;
PODITEM;;;O zatrutym ostrzu;3;2;0;;;;;;;;;;;;;;;;;;;;;;;;;;;;;;;;;;
PODITEM;;;O ząbkowanym ostrzu;2;2;0;;;;;;;;;;;;;;;;;;;;;;;;;;;;;;;;;;
PODITEM;;;O kruchym ostrzu;0.5;1;0;;;;;;;;;;;;;;;;;;;;;;;;;;;;;;;;;;
PODITEM;;;Paradny;4;2;0;;;;;;;;;;;;;;;;;;;;;;;;;;;;;;;;;;
PODITEM;;;O grawerowanej głowni;1.5;2;0;;;;;;;;;;;;;;;;;;;;;;;;;;;;;;;;;;
PODITEM;;;Dobrze wyważony;2;1;0;;;;;;;;;;;;;;;;;;;;;;;;;;;;;;;;;;
PODITEM;;;Źle wyważony;0.8;1;0;;;;;;;;;;;;;;;;;;;;;;;;;;;;;;;;;;
Młotek rycerski;;;Żelazny;150;1;0;;;;;;;;;;;;;;;;;;;;;;;;;;;;;;;;;;
PODITEM;;;Stalowy;1.5;1;0;;;;;;;;;;;;;;;;;;;;;;;;;;;;;;;;;;
PODITEM;;;Brązowy;0.7;1;0;;;;;;;;;;;;;;;;;;;;;;;;;;;;;;;;;;
PODITEM;;;O ciężkim żeleźcu;0.8;1;0;;;;;;;;;;;;;;;;;;;;;;;;;;;;;;;;;;
PODITEM;;;O lekkim żeleźcu;1.5;2;0;;;;;;;;;;;;;;;;;;;;;;;;;;;;;;;;;;
PODITEM;;;Dobrze wyważony;2;2;0;;;;;;;;;;;;;;;;;;;;;;;;;;;;;;;;;;
PODITEM;;;Źle wyważony;0.5;1;0;;;;;;;;;;;;;;;;;;;;;;;;;;;;;;;;;;
PODITEM;;;Z porządnym styliskiem;1.7;2;0;;;;;;;;;;;;;;;;;;;;;;;;;;;;;;;;;;
PODITEM;;;Z łamliwym styliskiem;0.5;1;0;;;;;;;;;;;;;;;;;;;;;;;;;;;;;;;;;;
PODITEM;;;Z zatrutym zębem;3;2;0;;;;;;;;;;;;;;;;;;;;;;;;;;;;;;;;;;
PODITEM;;;Paradny;4;3;0;;;;;;;;;;;;;;;;;;;;;;;;;;;;;;;;;;
PODITEM;;;Z metalowym trzonkiem;2;2;0;;;;;;;;;;;;;;;;;;;;;;;;;;;;;;;;;;
Nadziak;;;Żelazny;300;2;0;;;;;;;;;;;;;;;;;;;;;;;;;;;;;;;;;;
PODITEM;;;Stalowy;1.5;1;0;;;;;;;;;;;;;;;;;;;;;;;;;;;;;;;;;;
PODITEM;;;Brązowy;0.7;1;0;;;;;;;;;;;;;;;;;;;;;;;;;;;;;;;;;;
PODITEM;;;O lekkiej siekierze;0.8;1;0;;;;;;;;;;;;;;;;;;;;;;;;;;;;;;;;;;
PODITEM;;;O ciężkiej siekierze;1.5;2;0;;;;;;;;;;;;;;;;;;;;;;;;;;;;;;;;;;
PODITEM;;;Dobrze wyważony;2;2;0;;;;;;;;;;;;;;;;;;;;;;;;;;;;;;;;;;
PODITEM;;;Źle wyważony;0.5;1;0;;;;;;;;;;;;;;;;;;;;;;;;;;;;;;;;;;
PODITEM;;;Z porządnym styliskiem;1.7;2;0;;;;;;;;;;;;;;;;;;;;;;;;;;;;;;;;;;
PODITEM;;;Z łamliwym styliskiem;0.5;1;0;;;;;;;;;;;;;;;;;;;;;;;;;;;;;;;;;;
PODITEM;;;Z zatrutym ostrzem;3;2;0;;;;;;;;;;;;;;;;;;;;;;;;;;;;;;;;;;
PODITEM;;;Paradny;4;3;0;;;;;;;;;;;;;;;;;;;;;;;;;;;;;;;;;;
PODITEM;;;Naostrzony;1.2;1;0;;;;;;;;;;;;;;;;;;;;;;;;;;;;;;;;;;
PODITEM;;;Tępy;0.8;1;0;;;;;;;;;;;;;;;;;;;;;;;;;;;;;;;;;;
Nóż;;;Żelazny;8;1;0;;;;;;;;;;;;;;;;;;;;;;;;;;;;;;;;;;
PODITEM;;;Stalowy;2;1;0;;;;;;;;;;;;;;;;;;;;;;;;;;;;;;;;;;
PODITEM;;;Brązowy;0.5;1;0;;;;;;;;;;;;;;;;;;;;;;;;;;;;;;;;;;
PODITEM;;;Z grawerowanym ostrzem;1.4;1;0;;;;;;;;;;;;;;;;;;;;;;;;;;;;;;;;;;
PODITEM;;;Ozdobny;1.8;1;0;;;;;;;;;;;;;;;;;;;;;;;;;;;;;;;;;;
PODITEM;;;Paradny;3;2;0;;;;;;;;;;;;;;;;;;;;;;;;;;;;;;;;;;
PODITEM;;;Z zatrutym ostrzem;4;1;0;;;;;;;;;;;;;;;;;;;;;;;;;;;;;;;;;;
PODITEM;;;O kruchym ostrzu;0.6;1;0;;;;;;;;;;;;;;;;;;;;;;;;;;;;;;;;;;
PODITEM;;;O twardym ostrzu;1.4;1;0;;;;;;;;;;;;;;;;;;;;;;;;;;;;;;;;;;
PODITEM;;;Dobrze wyważony;2;2;0;;;;;;;;;;;;;;;;;;;;;;;;;;;;;;;;;;
Oszczep;;;Z kamiennym grotem;15;1;15;;;;;;;;;;;;;;;;;;;;;;;;;;;;;;;;;;
PODITEM;;;Z metalowym grotem;1.5;1;0;;;;;;;;;;;;;;;;;;;;;;;;;;;;;;;;;;
PODITEM;;;Z kościanym grotem;1.3;1;0;;;;;;;;;;;;;;;;;;;;;;;;;;;;;;;;;;
PODITEM;;;Dobrze wyważona;2;1;0;;;;;;;;;;;;;;;;;;;;;;;;;;;;;;;;;;
PODITEM;;;Źle wyważona;0.5;1;0;;;;;;;;;;;;;;;;;;;;;;;;;;;;;;;;;;
PODITEM;;;Z zatrutym grotem;4;2;0;;;;;;;;;;;;;;;;;;;;;;;;;;;;;;;;;;
PODITEM;;;Z kruchym grotem;1;1;0;;;;;;;;;;;;;;;;;;;;;;;;;;;;;;;;;;
PODITEM;;;Z hakowatym grotem;2;2;0;;;;;;;;;;;;;;;;;;;;;;;;;;;;;;;;;;
PODITEM;;;Z solidnym drzewcem;2;1;0;;;;;;;;;;;;;;;;;;;;;;;;;;;;;;;;;;
PODITEM;;;Z łamliwym drzewcem;0.5;1;0;;;;;;;;;;;;;;;;;;;;;;;;;;;;;;;;;;
Pałasz;;Niemiec, Moskal nie osiędzie, gdy jąwszy pałasza, hasłem wszystkich zgoda będzie i ojczyzna nasza - zwrotka Hymnu Polskiego.;Żelazny;200;1;0;;;;;;;;;;;;;;;;;;;;;;;;;;;;;;;;;;
PODITEM;;;Stalowy;1.4;1;0;;;;;;;;;;;;;;;;;;;;;;;;;;;;;;;;;;
PODITEM;;;Brązowy;0.6;1;0;;;;;;;;;;;;;;;;;;;;;;;;;;;;;;;;;;
PODITEM;;;O ciężkiej głowni;1.2;1;0;;;;;;;;;;;;;;;;;;;;;;;;;;;;;;;;;;
PODITEM;;;O lekkiej głowni;1.2;1;0;;;;;;;;;;;;;;;;;;;;;;;;;;;;;;;;;;
PODITEM;;;Naostrzony;1.2;1;0;;;;;;;;;;;;;;;;;;;;;;;;;;;;;;;;;;
PODITEM;;;Tępy;0.8;1;0;;;;;;;;;;;;;;;;;;;;;;;;;;;;;;;;;;
PODITEM;;;O ostrych jelcach;1.3;1;0;;;;;;;;;;;;;;;;;;;;;;;;;;;;;;;;;;
PODITEM;;;O zatrutym ostrzu;3;2;0;;;;;;;;;;;;;;;;;;;;;;;;;;;;;;;;;;
PODITEM;;;O ząbkowanym ostrzu;2;2;0;;;;;;;;;;;;;;;;;;;;;;;;;;;;;;;;;;
PODITEM;;;O kruchym ostrzu;0.5;1;0;;;;;;;;;;;;;;;;;;;;;;;;;;;;;;;;;;
PODITEM;;;Paradny;4;2;0;;;;;;;;;;;;;;;;;;;;;;;;;;;;;;;;;;
PODITEM;;;O grawerowanej głowni;1.5;2;0;;;;;;;;;;;;;;;;;;;;;;;;;;;;;;;;;;
PODITEM;;;Dobrze wyważony;2;1;0;;;;;;;;;;;;;;;;;;;;;;;;;;;;;;;;;;
PODITEM;;;Źle wyważony;0.8;1;0;;;;;;;;;;;;;;;;;;;;;;;;;;;;;;;;;;
Piernacz;;;Żelazny;90;1;0;;;;;;;;;;;;;;;;;;;;;;;;;;;;;;;;;;
PODITEM;;;Stalowy;1.5;1;0;;;;;;;;;;;;;;;;;;;;;;;;;;;;;;;;;;
PODITEM;;;Brązowy;0.8;1;0;;;;;;;;;;;;;;;;;;;;;;;;;;;;;;;;;;
PODITEM;;;Kościany;0.8;1;0;;;;;;;;;;;;;;;;;;;;;;;;;;;;;;;;;;
PODITEM;;;Kamienny;0.6;1;0;;;;;;;;;;;;;;;;;;;;;;;;;;;;;;;;;;
PODITEM;;;Paradna;4;3;0;;;;;;;;;;;;;;;;;;;;;;;;;;;;;;;;;;
Pika;;;Z metalowym grotem;100;1;0;;;;;;;;;;;;;;;;;;;;;;;;;;;;;;;;;;
PODITEM;;;Z kamiennym grotem;0.3;2;0;;;;;;;;;;;;;;;;;;;;;;;;;;;;;;;;;;
PODITEM;;;Z kościanym grotem;0.6;1;0;;;;;;;;;;;;;;;;;;;;;;;;;;;;;;;;;;
PODITEM;;;Dobrze wyważona;2;1;0;;;;;;;;;;;;;;;;;;;;;;;;;;;;;;;;;;
PODITEM;;;Źle wyważona;0.5;1;0;;;;;;;;;;;;;;;;;;;;;;;;;;;;;;;;;;
PODITEM;;;Z zatrutym grotem;4;2;0;;;;;;;;;;;;;;;;;;;;;;;;;;;;;;;;;;
PODITEM;;;Z kruchym grotem;1;1;0;;;;;;;;;;;;;;;;;;;;;;;;;;;;;;;;;;
PODITEM;;;Z solidnym drzewcem;2;1;0;;;;;;;;;;;;;;;;;;;;;;;;;;;;;;;;;;
PODITEM;;;Z łamliwym drzewcem;0.5;1;0;;;;;;;;;;;;;;;;;;;;;;;;;;;;;;;;;;
Pilum;;;;120;1;0;;;;;;;;;;;;;;;;;;;;;;;;;;;;;;;;;;
PODITEM;;;Dobrze wyważone;2;1;0;;;;;;;;;;;;;;;;;;;;;;;;;;;;;;;;;;
PODITEM;;;Źle wyważone;0.5;1;0;;;;;;;;;;;;;;;;;;;;;;;;;;;;;;;;;;
PODITEM;;;Z zatrutym grotem;4;2;0;;;;;;;;;;;;;;;;;;;;;;;;;;;;;;;;;;
PODITEM;;;Z solidnym drzewcem;2;1;0;;;;;;;;;;;;;;;;;;;;;;;;;;;;;;;;;;
PODITEM;;;Z łamliwym drzewcem;0.5;1;0;;;;;;;;;;;;;;;;;;;;;;;;;;;;;;;;;;
PODITEM;;;Z trzewikiem;1.5;2;0;;;;;;;;;;;;;;;;;;;;;;;;;;;;;;;;;;
Rapier;;;Żelazny;140;1;0;;;;;;;;;;;;;;;;;;;;;;;;;;;;;;;;;;
PODITEM;;;Stalowy;1.4;1;0;;;;;;;;;;;;;;;;;;;;;;;;;;;;;;;;;;
PODITEM;;;Brązowy;0.6;1;0;;;;;;;;;;;;;;;;;;;;;;;;;;;;;;;;;;
PODITEM;;;O zatrutym ostrzu;3;2;0;;;;;;;;;;;;;;;;;;;;;;;;;;;;;;;;;;
PODITEM;;;O giętkim ostrzu;2;2;0;;;;;;;;;;;;;;;;;;;;;;;;;;;;;;;;;;
PODITEM;;;O kruchym ostrzu;0.5;1;0;;;;;;;;;;;;;;;;;;;;;;;;;;;;;;;;;;
PODITEM;;;Paradny;6;2;0;;;;;;;;;;;;;;;;;;;;;;;;;;;;;;;;;;
PODITEM;;;O grawerowanym ostrzu;1.5;2;0;;;;;;;;;;;;;;;;;;;;;;;;;;;;;;;;;;
PODITEM;;;Dobrze wyważony;2;1;0;;;;;;;;;;;;;;;;;;;;;;;;;;;;;;;;;;
PODITEM;;;Źle wyważony;0.8;1;0;;;;;;;;;;;;;;;;;;;;;;;;;;;;;;;;;;
Rohatyna;;;Z metalowym grotem;120;1;0;;;;;;;;;;;;;;;;;;;;;;;;;;;;;;;;;;
PODITEM;;;Z kamiennym grotem;0.3;2;0;;;;;;;;;;;;;;;;;;;;;;;;;;;;;;;;;;
PODITEM;;;Z kościanym grotem;0.6;1;0;;;;;;;;;;;;;;;;;;;;;;;;;;;;;;;;;;
PODITEM;;;Dobrze wyważona;2;1;0;;;;;;;;;;;;;;;;;;;;;;;;;;;;;;;;;;
PODITEM;;;Źle wyważona;0.5;1;0;;;;;;;;;;;;;;;;;;;;;;;;;;;;;;;;;;
PODITEM;;;Z zatrutym grotem;4;2;0;;;;;;;;;;;;;;;;;;;;;;;;;;;;;;;;;;
PODITEM;;;Z kruchym grotem;1;1;0;;;;;;;;;;;;;;;;;;;;;;;;;;;;;;;;;;
PODITEM;;;Z solidnym drzewcem;2;1;0;;;;;;;;;;;;;;;;;;;;;;;;;;;;;;;;;;
PODITEM;;;Z łamliwym drzewcem;0.5;1;0;;;;;;;;;;;;;;;;;;;;;;;;;;;;;;;;;;
Sarisa;;;Z metalowym grotem;100;1;0;;;;;;;;;;;;;;;;;;;;;;;;;;;;;;;;;;
PODITEM;;;Z kościanym grotem;0.6;1;0;;;;;;;;;;;;;;;;;;;;;;;;;;;;;;;;;;
PODITEM;;;Dobrze wyważona;3;1;0;;;;;;;;;;;;;;;;;;;;;;;;;;;;;;;;;;
PODITEM;;;Źle wyważona;0.2;1;0;;;;;;;;;;;;;;;;;;;;;;;;;;;;;;;;;;
PODITEM;;;Z zatrutym grotem;4;2;0;;;;;;;;;;;;;;;;;;;;;;;;;;;;;;;;;;
PODITEM;;;Z kruchym grotem;1;1;0;;;;;;;;;;;;;;;;;;;;;;;;;;;;;;;;;;
PODITEM;;;Z solidnym drzewcem;3;1;0;;;;;;;;;;;;;;;;;;;;;;;;;;;;;;;;;;
PODITEM;;;Z łamliwym drzewcem;0.2;1;0;;;;;;;;;;;;;;;;;;;;;;;;;;;;;;;;;;
Sejmitar;;;Żelazny;350;2;0;;;;;;;;;;;;;;;;;;;;;;;;;;;;;;;;;;
PODITEM;;;Stalowy;1.4;1;0;;;;;;;;;;;;;;;;;;;;;;;;;;;;;;;;;;
PODITEM;;;Brązowy;0.6;1;0;;;;;;;;;;;;;;;;;;;;;;;;;;;;;;;;;;
PODITEM;;;O ciężkiej głowni;1.2;1;0;;;;;;;;;;;;;;;;;;;;;;;;;;;;;;;;;;
PODITEM;;;O lekkiej głowni;1.2;1;0;;;;;;;;;;;;;;;;;;;;;;;;;;;;;;;;;;
PODITEM;;;Naostrzony;1.2;1;0;;;;;;;;;;;;;;;;;;;;;;;;;;;;;;;;;;
PODITEM;;;Tępy;0.8;1;0;;;;;;;;;;;;;;;;;;;;;;;;;;;;;;;;;;
PODITEM;;;O zatrutym ostrzu;3;2;0;;;;;;;;;;;;;;;;;;;;;;;;;;;;;;;;;;
PODITEM;;;O ząbkowanym ostrzu;2;2;0;;;;;;;;;;;;;;;;;;;;;;;;;;;;;;;;;;
PODITEM;;;O kruchym ostrzu;0.5;1;0;;;;;;;;;;;;;;;;;;;;;;;;;;;;;;;;;;
PODITEM;;;Paradny;4;2;0;;;;;;;;;;;;;;;;;;;;;;;;;;;;;;;;;;
PODITEM;;;O grawerowanej głowni;1.5;2;0;;;;;;;;;;;;;;;;;;;;;;;;;;;;;;;;;;
PODITEM;;;Dobrze wyważony;2;1;0;;;;;;;;;;;;;;;;;;;;;;;;;;;;;;;;;;
PODITEM;;;Źle wyważony;0.8;1;0;;;;;;;;;;;;;;;;;;;;;;;;;;;;;;;;;;
Spatha;;;Żelazna;240;2;0;;;;;;;;;;;;;;;;;;;;;;;;;;;;;;;;;;
PODITEM;;;Stalowa;1.4;1;0;;;;;;;;;;;;;;;;;;;;;;;;;;;;;;;;;;
PODITEM;;;Brązowa;0.6;1;0;;;;;;;;;;;;;;;;;;;;;;;;;;;;;;;;;;
PODITEM;;;O ciężkiej głowni;1.2;1;0;;;;;;;;;;;;;;;;;;;;;;;;;;;;;;;;;;
PODITEM;;;O lekkiej głowni;1.2;1;0;;;;;;;;;;;;;;;;;;;;;;;;;;;;;;;;;;
PODITEM;;;Naostrzona;1.2;1;0;;;;;;;;;;;;;;;;;;;;;;;;;;;;;;;;;;
PODITEM;;;Tępa;0.8;1;0;;;;;;;;;;;;;;;;;;;;;;;;;;;;;;;;;;
PODITEM;;;O zatrutym ostrzu;3;2;0;;;;;;;;;;;;;;;;;;;;;;;;;;;;;;;;;;
PODITEM;;;O ząbkowanym ostrzu;2;2;0;;;;;;;;;;;;;;;;;;;;;;;;;;;;;;;;;;
PODITEM;;;O kruchym ostrzu;0.5;1;0;;;;;;;;;;;;;;;;;;;;;;;;;;;;;;;;;;
PODITEM;;;Paradna;4;2;0;;;;;;;;;;;;;;;;;;;;;;;;;;;;;;;;;;
PODITEM;;;O grawerowanej głowni;1.5;2;0;;;;;;;;;;;;;;;;;;;;;;;;;;;;;;;;;;
PODITEM;;;Dobrze wyważona;2;1;0;;;;;;;;;;;;;;;;;;;;;;;;;;;;;;;;;;
PODITEM;;;Źle wyważona;0.8;1;0;;;;;;;;;;;;;;;;;;;;;;;;;;;;;;;;;;
Spisa;;;Z metalowym grotem;200;1;0;;;;;;;;;;;;;;;;;;;;;;;;;;;;;;;;;;
PODITEM;;;Z kamiennym grotem;0.3;2;0;;;;;;;;;;;;;;;;;;;;;;;;;;;;;;;;;;
PODITEM;;;Z kościanym grotem;0.6;1;0;;;;;;;;;;;;;;;;;;;;;;;;;;;;;;;;;;
PODITEM;;;Dobrze wyważona;2;1;0;;;;;;;;;;;;;;;;;;;;;;;;;;;;;;;;;;
PODITEM;;;Źle wyważona;0.5;1;0;;;;;;;;;;;;;;;;;;;;;;;;;;;;;;;;;;
PODITEM;;;Z zatrutym grotem;4;2;0;;;;;;;;;;;;;;;;;;;;;;;;;;;;;;;;;;
PODITEM;;;Z kruchym grotem;1;1;0;;;;;;;;;;;;;;;;;;;;;;;;;;;;;;;;;;
PODITEM;;;Z solidnym drzewcem;2;1;0;;;;;;;;;;;;;;;;;;;;;;;;;;;;;;;;;;
PODITEM;;;Z łamliwym drzewcem;0.5;1;0;;;;;;;;;;;;;;;;;;;;;;;;;;;;;;;;;;
Szabla;;;;150;1;0;;;;;;;;;;;;;;;;;;;;;;;;;;;;;;;;;;
PODITEM;;;Stalowa;1.4;1;0;;;;;;;;;;;;;;;;;;;;;;;;;;;;;;;;;;
PODITEM;;;Brązowa;0.6;1;0;;;;;;;;;;;;;;;;;;;;;;;;;;;;;;;;;;
PODITEM;;;O ciężkiej głowni;1.2;1;0;;;;;;;;;;;;;;;;;;;;;;;;;;;;;;;;;;
PODITEM;;;O lekkiej głowni;1.2;1;0;;;;;;;;;;;;;;;;;;;;;;;;;;;;;;;;;;
PODITEM;;;Naostrzona;1.2;1;0;;;;;;;;;;;;;;;;;;;;;;;;;;;;;;;;;;
PODITEM;;;Tępa;0.8;1;0;;;;;;;;;;;;;;;;;;;;;;;;;;;;;;;;;;
PODITEM;;;O zatrutym ostrzu;3;2;0;;;;;;;;;;;;;;;;;;;;;;;;;;;;;;;;;;
PODITEM;;;O ząbkowanym ostrzu;2;2;0;;;;;;;;;;;;;;;;;;;;;;;;;;;;;;;;;;
PODITEM;;;O kruchym ostrzu;0.5;1;0;;;;;;;;;;;;;;;;;;;;;;;;;;;;;;;;;;
PODITEM;;;Paradna;4;2;0;;;;;;;;;;;;;;;;;;;;;;;;;;;;;;;;;;
PODITEM;;;O grawerowanej głowni;1.5;2;0;;;;;;;;;;;;;;;;;;;;;;;;;;;;;;;;;;
PODITEM;;;Dobrze wyważona;2;1;0;;;;;;;;;;;;;;;;;;;;;;;;;;;;;;;;;;
PODITEM;;;Źle wyważona;0.8;1;0;;;;;;;;;;;;;;;;;;;;;;;;;;;;;;;;;;
Szpada;;;Żelazna;160;1;0;;;;;;;;;;;;;;;;;;;;;;;;;;;;;;;;;;
PODITEM;;;Stalowa;1.4;1;0;;;;;;;;;;;;;;;;;;;;;;;;;;;;;;;;;;
PODITEM;;;Brązowa;0.6;1;0;;;;;;;;;;;;;;;;;;;;;;;;;;;;;;;;;;
PODITEM;;;O zatrutym ostrzu;3;2;0;;;;;;;;;;;;;;;;;;;;;;;;;;;;;;;;;;
PODITEM;;;O giętkim ostrzu;2;2;0;;;;;;;;;;;;;;;;;;;;;;;;;;;;;;;;;;
PODITEM;;;O kruchym ostrzu;0.5;1;0;;;;;;;;;;;;;;;;;;;;;;;;;;;;;;;;;;
PODITEM;;;Paradna;6;2;0;;;;;;;;;;;;;;;;;;;;;;;;;;;;;;;;;;
PODITEM;;;O grawerowanym ostrzu;1.5;2;0;;;;;;;;;;;;;;;;;;;;;;;;;;;;;;;;;;
PODITEM;;;Dobrze wyważona;2;1;0;;;;;;;;;;;;;;;;;;;;;;;;;;;;;;;;;;
PODITEM;;;Źle wyważona;0.8;1;0;;;;;;;;;;;;;;;;;;;;;;;;;;;;;;;;;;
Sztylet;;;Żelazny;40;1;0;;;;;;;;;;;;;;;;;;;;;;;;;;;;;;;;;;
PODITEM;;;Stalowy;2;1;0;;;;;;;;;;;;;;;;;;;;;;;;;;;;;;;;;;
PODITEM;;;Brązowy;0.5;1;0;;;;;;;;;;;;;;;;;;;;;;;;;;;;;;;;;;
PODITEM;;;Z grawerowanym ostrzem;1.4;1;0;;;;;;;;;;;;;;;;;;;;;;;;;;;;;;;;;;
PODITEM;;;Ozdobny;1.8;1;0;;;;;;;;;;;;;;;;;;;;;;;;;;;;;;;;;;
PODITEM;;;Paradny;3;2;0;;;;;;;;;;;;;;;;;;;;;;;;;;;;;;;;;;
PODITEM;;;Z zatrutym ostrzem;4;1;0;;;;;;;;;;;;;;;;;;;;;;;;;;;;;;;;;;
PODITEM;;;O kruchym ostrzu;0.6;1;0;;;;;;;;;;;;;;;;;;;;;;;;;;;;;;;;;;
PODITEM;;;O twardym ostrzu;1.4;1;0;;;;;;;;;;;;;;;;;;;;;;;;;;;;;;;;;;
PODITEM;;;Dobrze wyważony;2;2;0;;;;;;;;;;;;;;;;;;;;;;;;;;;;;;;;;;
Tasak;;;Żelazny;40;1;0;;;;;;;;;;;;;;;;;;;;;;;;;;;;;;;;;;
PODITEM;;;Stalowy;1.4;1;0;;;;;;;;;;;;;;;;;;;;;;;;;;;;;;;;;;
PODITEM;;;Brązowy;0.6;1;0;;;;;;;;;;;;;;;;;;;;;;;;;;;;;;;;;;
PODITEM;;;O ciężkiej głowni;1.2;1;0;;;;;;;;;;;;;;;;;;;;;;;;;;;;;;;;;;
PODITEM;;;O lekkiej głowni;1.2;1;0;;;;;;;;;;;;;;;;;;;;;;;;;;;;;;;;;;
PODITEM;;;Naostrzony;1.2;1;0;;;;;;;;;;;;;;;;;;;;;;;;;;;;;;;;;;
PODITEM;;;Tępy;0.8;1;0;;;;;;;;;;;;;;;;;;;;;;;;;;;;;;;;;;
PODITEM;;;O zatrutym ostrzu;3;2;0;;;;;;;;;;;;;;;;;;;;;;;;;;;;;;;;;;
PODITEM;;;O ząbkowanym ostrzu;2;2;0;;;;;;;;;;;;;;;;;;;;;;;;;;;;;;;;;;
PODITEM;;;O grawerowanej głowni;1.5;2;0;;;;;;;;;;;;;;;;;;;;;;;;;;;;;;;;;;
PODITEM;;;Dobrze wyważony;2;1;0;;;;;;;;;;;;;;;;;;;;;;;;;;;;;;;;;;
PODITEM;;;Źle wyważony;0.8;1;0;;;;;;;;;;;;;;;;;;;;;;;;;;;;;;;;;;
Topór;;;Żelazny;150;1;0;;;;;;;;;;;;;;;;;;;;;;;;;;;;;;;;;;
PODITEM;;;Stalowy;1.5;1;0;;;;;;;;;;;;;;;;;;;;;;;;;;;;;;;;;;
PODITEM;;;Brązowy;0.7;1;0;;;;;;;;;;;;;;;;;;;;;;;;;;;;;;;;;;
PODITEM;;;Kamienny;0.5;1;0;;;;;;;;;;;;;;;;;;;;;;;;;;;;;;;;;;
PODITEM;;;Kościany;0.6;1;0;;;;;;;;;;;;;;;;;;;;;;;;;;;;;;;;;;
PODITEM;;;O lekkim obuchu;0.8;1;0;;;;;;;;;;;;;;;;;;;;;;;;;;;;;;;;;;
PODITEM;;;O ciężkim obuchu;1.5;2;0;;;;;;;;;;;;;;;;;;;;;;;;;;;;;;;;;;
PODITEM;;;Dobrze wyważony;2;2;0;;;;;;;;;;;;;;;;;;;;;;;;;;;;;;;;;;
PODITEM;;;Źle wyważony;0.5;1;0;;;;;;;;;;;;;;;;;;;;;;;;;;;;;;;;;;
PODITEM;;;Z porządnym styliskiem;1.7;2;0;;;;;;;;;;;;;;;;;;;;;;;;;;;;;;;;;;
PODITEM;;;Z łamliwym styliskiem;0.5;1;0;;;;;;;;;;;;;;;;;;;;;;;;;;;;;;;;;;
PODITEM;;;Z zatrutym ostrzem;3;2;0;;;;;;;;;;;;;;;;;;;;;;;;;;;;;;;;;;
PODITEM;;;Paradny;4;3;0;;;;;;;;;;;;;;;;;;;;;;;;;;;;;;;;;;
PODITEM;;;Naostrzony;1.2;1;0;;;;;;;;;;;;;;;;;;;;;;;;;;;;;;;;;;
PODITEM;;;Tępy;0.8;1;0;;;;;;;;;;;;;;;;;;;;;;;;;;;;;;;;;;
Topór do rzucania;;;Żelazny;15;1;8;;;;;;;;;;;;;;;;;;;;;;;;;;;;;;;;;;
PODITEM;;;Stalowy;1.5;1;0;;;;;;;;;;;;;;;;;;;;;;;;;;;;;;;;;;
PODITEM;;;Brązowy;0.7;1;0;;;;;;;;;;;;;;;;;;;;;;;;;;;;;;;;;;
PODITEM;;;Kamienny;0.5;1;0;;;;;;;;;;;;;;;;;;;;;;;;;;;;;;;;;;
PODITEM;;;Kościany;0.6;1;0;;;;;;;;;;;;;;;;;;;;;;;;;;;;;;;;;;
PODITEM;;;Dobrze wyważony;4;2;0;;;;;;;;;;;;;;;;;;;;;;;;;;;;;;;;;;
PODITEM;;;Źle wyważony;0.1;1;0;;;;;;;;;;;;;;;;;;;;;;;;;;;;;;;;;;
PODITEM;;;Z zatrutym ostrzem;3;2;0;;;;;;;;;;;;;;;;;;;;;;;;;;;;;;;;;;
PODITEM;;;Naostrzony;1.2;1;0;;;;;;;;;;;;;;;;;;;;;;;;;;;;;;;;;;
PODITEM;;;Tępy;0.8;1;0;;;;;;;;;;;;;;;;;;;;;;;;;;;;;;;;;;
Trójząb;;;Z żelaznymi zębami;70;1;0;;;;;;;;;;;;;;;;;;;;;;;;;;;;;;;;;;
PODITEM;;;Ze stalowymi zębami;1.5;1;0;;;;;;;;;;;;;;;;;;;;;;;;;;;;;;;;;;
PODITEM;;;Z brązowymi zębami;0.7;1;0;;;;;;;;;;;;;;;;;;;;;;;;;;;;;;;;;;
PODITEM;;;Z porządnym styliskiem;1.7;1;0;;;;;;;;;;;;;;;;;;;;;;;;;;;;;;;;;;
PODITEM;;;Z łamliwym styliskiem;0.5;1;0;;;;;;;;;;;;;;;;;;;;;;;;;;;;;;;;;;
PODITEM;;;Z zatrutymi zębami;3;2;0;;;;;;;;;;;;;;;;;;;;;;;;;;;;;;;;;;
PODITEM;;;Dobrze wyważony;2;1;0;;;;;;;;;;;;;;;;;;;;;;;;;;;;;;;;;;
PODITEM;;;Źle wyważony;0.5;1;0;;;;;;;;;;;;;;;;;;;;;;;;;;;;;;;;;;
Widłochwyt;;;;150;2;0;;;;;;;;;;;;;;;;;;;;;;;;;;;;;;;;;;
PODITEM;;;Z solidnym drzewcem;2;1;0;;;;;;;;;;;;;;;;;;;;;;;;;;;;;;;;;;
PODITEM;;;Z łamliwym drzewcem;0.7;1;0;;;;;;;;;;;;;;;;;;;;;;;;;;;;;;;;;;
PODITEM;;;Z trucizną;2;2;0;;;;;;;;;;;;;;;;;;;;;;;;;;;;;;;;;;
PODITEM;;;Ząbkowany;1.2;1;0;;;;;;;;;;;;;;;;;;;;;;;;;;;;;;;;;;
Widły bojowe;;;;20;1;0;;;;;;;;;;;;;;;;;;;;;;;;;;;;;;;;;;
PODITEM;;;Z porządnym styliskiem;2;1;0;;;;;;;;;;;;;;;;;;;;;;;;;;;;;;;;;;
PODITEM;;;Z łamliwym styliskiem;0.5;1;0;;;;;;;;;;;;;;;;;;;;;;;;;;;;;;;;;;
PODITEM;;;Dobrze wyważone;1.2;1;0;;;;;;;;;;;;;;;;;;;;;;;;;;;;;;;;;;
PODITEM;;;Źle wyważone;0.8;1;0;;;;;;;;;;;;;;;;;;;;;;;;;;;;;;;;;;
Wiekiera;;;;200;2;0;;;;;;;;;;;;;;;;;;;;;;;;;;;;;;;;;;
PODITEM;;;Ciężka;2;2;0;;;;;;;;;;;;;;;;;;;;;;;;;;;;;;;;;;
PODITEM;;;Lekka;1;1;0;;;;;;;;;;;;;;;;;;;;;;;;;;;;;;;;;;
PODITEM;;;Rzeźbiona;2;1;0;;;;;;;;;;;;;;;;;;;;;;;;;;;;;;;;;;
PODITEM;;;Dobrze wyważona;1.2;1;0;;;;;;;;;;;;;;;;;;;;;;;;;;;;;;;;;;
PODITEM;;;Źle wyważona;0.8;1;0;;;;;;;;;;;;;;;;;;;;;;;;;;;;;;;;;;
Zweihander;;;Żelazny;500;2;0;;;;;;;;;;;;;;;;;;;;;;;;;;;;;;;;;;
PODITEM;;;Stalowy;1.4;1;0;;;;;;;;;;;;;;;;;;;;;;;;;;;;;;;;;;
PODITEM;;;Brązowy;0.6;1;0;;;;;;;;;;;;;;;;;;;;;;;;;;;;;;;;;;
PODITEM;;;O ciężkiej głowni;1.2;1;0;;;;;;;;;;;;;;;;;;;;;;;;;;;;;;;;;;
PODITEM;;;O lekkiej głowni;1.2;1;0;;;;;;;;;;;;;;;;;;;;;;;;;;;;;;;;;;
PODITEM;;;Naostrzony;1.2;1;0;;;;;;;;;;;;;;;;;;;;;;;;;;;;;;;;;;
PODITEM;;;Tępy;0.8;1;0;;;;;;;;;;;;;;;;;;;;;;;;;;;;;;;;;;
PODITEM;;;O ostrych jelcach;1.3;1;0;;;;;;;;;;;;;;;;;;;;;;;;;;;;;;;;;;
PODITEM;;;O zatrutym ostrzu;3;2;0;;;;;;;;;;;;;;;;;;;;;;;;;;;;;;;;;;
PODITEM;;;O ząbkowanym ostrzu;2;2;0;;;;;;;;;;;;;;;;;;;;;;;;;;;;;;;;;;
PODITEM;;;O kruchym ostrzu;0.5;1;0;;;;;;;;;;;;;;;;;;;;;;;;;;;;;;;;;;
PODITEM;;;Paradny;4;2;0;;;;;;;;;;;;;;;;;;;;;;;;;;;;;;;;;;
PODITEM;;;O grawerowanej głowni;1.5;2;0;;;;;;;;;;;;;;;;;;;;;;;;;;;;;;;;;;
PODITEM;;;Dobrze wyważony;2;1;0;;;;;;;;;;;;;;;;;;;;;;;;;;;;;;;;;;
PODITEM;;;Źle wyważony;0.8;1;0;;;;;;;;;;;;;;;;;;;;;;;;;;;;;;;;;;
SUBKTG;DYSTANSOWA;;;;;;;;;;;;;;;;;;;;;;;;;;;;;;;;;;;;;;;
Arkebuz;;;;220;2;0;;;;;;;;;;;;;;;;;;;;;;;;;;;;;;;;;;
Atlatl;;;;30;2;0;;;;;;;;;;;;;;;;;;;;;;;;;;;;;;;;;;
Długi łuk;;;;90;1;0;;;;;;;;;;;;;;;;;;;;;;;;;;;;;;;;;;
Długi łuk angielski;;;;370;2;0;;;;;;;;;;;;;;;;;;;;;;;;;;;;;;;;;;
Duży łuk kompozytowy;;;;250;1;0;;;;;;;;;;;;;;;;;;;;;;;;;;;;;;;;;;
Hakownica;;;;150;1;0;;;;;;;;;;;;;;;;;;;;;;;;;;;;;;;;;;
Krótki łuk;;;;50;1;0;;;;;;;;;;;;;;;;;;;;;;;;;;;;;;;;;;
Kusza;;;;500;2;0;;;;;;;;;;;;;;;;;;;;;;;;;;;;;;;;;;
Kusza refleksyjna;;;;900;2;0;;;;;;;;;;;;;;;;;;;;;;;;;;;;;;;;;;
Łuk;;;;70;1;0;;;;;;;;;;;;;;;;;;;;;;;;;;;;;;;;;;
Łuk astrachański;;;;400;2;0;;;;;;;;;;;;;;;;;;;;;;;;;;;;;;;;;;
Łuk kompozytowy;;;;180;1;0;;;;;;;;;;;;;;;;;;;;;;;;;;;;;;;;;;
Niewielki łuk kompozytowy;;;;130;1;0;;;;;;;;;;;;;;;;;;;;;;;;;;;;;;;;;;
Oszczep;;;;15;1;15;;;;;;;;;;;;;;;;;;;;;;;;;;;;;;;;;;
Proca katapulta;;;;15;1;0;;;;;;;;;;;;;;;;;;;;;;;;;;;;;;;;;;
Proca prosta;;;;15;1;0;;;;;;;;;;;;;;;;;;;;;;;;;;;;;;;;;;
Rusznica;;;;90;1;0;;;;;;;;;;;;;;;;;;;;;;;;;;;;;;;;;;
Samopał;;;;70;1;0;;;;;;;;;;;;;;;;;;;;;;;;;;;;;;;;;;
SUBKTG;OBLĘŻNICZA;;;;;;;;;;;;;;;;;;;;;;;;;;;;;;;;;;;;;;;
Arkbalista;;;;2500;3;0;;;;;;;;;;;;;;;;;;;;;;;;;;;;;;;;;;
Balista;;;;4000;4;0;;;;;;;;;;;;;;;;;;;;;;;;;;;;;;;;;;
Bombarda;;;;6000;4;0;;;;;;;;;;;;;;;;;;;;;;;;;;;;;;;;;;
Drabina oblężnicza;;;;100;1;0;;;;;;;;;;;;;;;;;;;;;;;;;;;;;;;;;;
Katapulta;;;;900;2;0;;;;;;;;;;;;;;;;;;;;;;;;;;;;;;;;;;
Taran (okucie);;;;1200;3;0;;;;;;;;;;;;;;;;;;;;;;;;;;;;;;;;;;
Taran oblężniczy;;;;5000;4;0;;;;;;;;;;;;;;;;;;;;;;;;;;;;;;;;;;
Trebusz;;;;9000;4;0;;;;;;;;;;;;;;;;;;;;;;;;;;;;;;;;;;
Wieża oblężnicza;;;;25000;4;0;;;;;;;;;;;;;;;;;;;;;;;;;;;;;;;;;;
Worek z ziemią;;;;3;1;30;;;;;;;;;;;;;;;;;;;;;;;;;;;;;;;;;;
SUBKTG;INNA;;;;;;;;;;;;;;;;;;;;;;;;;;;;;;;;;;;;;;;
Arkan;;;;130;2;0;;;;;;;;;;;;;;;;;;;;;;;;;;;;;;;;;;
Cięciwa;;;;5;2;20;;;;;;;;;;;;;;;;;;;;;;;;;;;;;;;;;;
Doskonała cięciwa;;;;30;3;14;;;;;;;;;;;;;;;;;;;;;;;;;;;;;;;;;;
Fiolka cykuty;;;;1200;3;0;;;;;;;;;;;;;;;;;;;;;;;;;;;;;;;;;;
Fiolka rycyny;;;;1200;3;0;;;;;;;;;;;;;;;;;;;;;;;;;;;;;;;;;;
Fiolka wyciągu z Belladonny;;;;1200;3;0;;;;;;;;;;;;;;;;;;;;;;;;;;;;;;;;;;
Fiolka z wyciągu Lulka czarnego;;;;400;2;0;;;;;;;;;;;;;;;;;;;;;;;;;;;;;;;;;;
Fiolka z wyciągu tojadu;;;;1200;3;0;;;;;;;;;;;;;;;;;;;;;;;;;;;;;;;;;;
Forkiet;;;;40;1;0;;;;;;;;;;;;;;;;;;;;;;;;;;;;;;;;;;
Kołczan na bełty;;;;50;1;0;;;;;;;;;;;;;;;;;;;;;;;;;;;;;;;;;;
Kołczan na strzały;;;;50;1;0;;;;;;;;;;;;;;;;;;;;;;;;;;;;;;;;;;
Korba do naciągania kuszy;;;;250;3;0;;;;;;;;;;;;;;;;;;;;;;;;;;;;;;;;;;
Lewar do naciągania kuszy;;;;190;2;0;;;;;;;;;;;;;;;;;;;;;;;;;;;;;;;;;;
Łoże kuszy;;;;100;2;0;;;;;;;;;;;;;;;;;;;;;;;;;;;;;;;;;;
Łuczysko;;;;200;2;0;;;;;;;;;;;;;;;;;;;;;;;;;;;;;;;;;;
Mechanizm spustowy kuszy;;;;350;2;0;;;;;;;;;;;;;;;;;;;;;;;;;;;;;;;;;;
Ogień grecki;;;;16000;4;0;;;;;;;;;;;;;;;;;;;;;;;;;;;;;;;;;;
Słaba cięciwa;;;;2;1;25;;;;;;;;;;;;;;;;;;;;;;;;;;;;;;;;;;
Słoiczek arszeniku;;;;1200;3;0;;;;;;;;;;;;;;;;;;;;;;;;;;;;;;;;;;
Słoiczek strychniny;;;;1200;3;0;;;;;;;;;;;;;;;;;;;;;;;;;;;;;;;;;;
Trucizna Scytów;;;;400;2;0;;;;;;;;;;;;;;;;;;;;;;;;;;;;;;;;;;
KTG;AKCESORIA;;;;;;;;;;;;;;;;;;;;;;;;;;;;;;;;;;;;;;;
SUBKTG;DOMOWE;;;;;;;;;;;;;;;;;;;;;;;;;;;;;;;;;;;;;;;
Chorągiew;;;;30;1;0;;;;;;;;;;;;;;;;;;;;;;;;;;;;;;;;;;
Chorągiewka;;;;5;1;0;;;;;;;;;;;;;;;;;;;;;;;;;;;;;;;;;;
Donica;;;;20;1;0;;;;;;;;;;;;;;;;;;;;;;;;;;;;;;;;;;
Drabina;;;;400;1;0;;;;;;;;;;;;;;;;;;;;;;;;;;;;;;;;;;
Drabina rozkładana;;;;700;3;0;;;;;;;;;;;;;;;;;;;;;;;;;;;;;;;;;;
Drewniana tablica;;;;150;1;0;;;;;;;;;;;;;;;;;;;;;;;;;;;;;;;;;;
Dzwonek na drzwi;;;;15;1;0;;;;;;;;;;;;;;;;;;;;;;;;;;;;;;;;;;
Firanka;;;;180;2;0;;;;;;;;;;;;;;;;;;;;;;;;;;;;;;;;;;
Kadzidło;;;;3;1;0;;;;;;;;;;;;;;;;;;;;;;;;;;;;;;;;;;
Kadzielnica;;;;20;1;0;;;;;;;;;;;;;;;;;;;;;;;;;;;;;;;;;;
Kandelabr;;;;30;2;0;;;;;;;;;;;;;;;;;;;;;;;;;;;;;;;;;;
Klepsydra;;;;25;2;0;;;;;;;;;;;;;;;;;;;;;;;;;;;;;;;;;;
Kłódka;;;;25;1;0;;;;;;;;;;;;;;;;;;;;;;;;;;;;;;;;;;
Lampion;;;;25;1;0;;;;;;;;;;;;;;;;;;;;;;;;;;;;;;;;;;
Lampka naftowa;;;;40;2;0;;;;;;;;;;;;;;;;;;;;;;;;;;;;;;;;;;
Lichtarz;;;;8;1;0;;;;;;;;;;;;;;;;;;;;;;;;;;;;;;;;;;
Lina;;;;8;1;30;;;;;;;;;;;;;;;;;;;;;;;;;;;;;;;;;;
Menora;;;;80;1;0;;;;;;;;;;;;;;;;;;;;;;;;;;;;;;;;;;
Miech;;;;80;1;0;;;;;;;;;;;;;;;;;;;;;;;;;;;;;;;;;;
Miednica;;;;100;1;0;;;;;;;;;;;;;;;;;;;;;;;;;;;;;;;;;;
Miotła;;;;10;1;0;;;;;;;;;;;;;;;;;;;;;;;;;;;;;;;;;;
Mosiężna kołatka;;;;10;2;0;;;;;;;;;;;;;;;;;;;;;;;;;;;;;;;;;;
Nafta do lampy;;;;5;1;0;;;;;;;;;;;;;;;;;;;;;;;;;;;;;;;;;;
Osełka;;;;7;1;0;;;;;;;;;;;;;;;;;;;;;;;;;;;;;;;;;;
Paczka kredy;;;;10;1;0;;;;;;;;;;;;;;;;;;;;;;;;;;;;;;;;;;
Pleciona narzuta na krzesło;;;;5;1;0;;;;;;;;;;;;;;;;;;;;;;;;;;;;;;;;;;
Popielniczka;;;;10;1;0;;;;;;;;;;;;;;;;;;;;;;;;;;;;;;;;;;
Rama na obraz;;;;20;1;0;;;;;;;;;;;;;;;;;;;;;;;;;;;;;;;;;;
Skobel z kłódką ;;;;20;1;0;;;;;;;;;;;;;;;;;;;;;;;;;;;;;;;;;;
Stojak na wino;;;;25;1;0;;;;;;;;;;;;;;;;;;;;;;;;;;;;;;;;;;
Szachy;;;;20;1;0;;;;;;;;;;;;;;;;;;;;;;;;;;;;;;;;;;
Szczotka;;;;8;1;0;;;;;;;;;;;;;;;;;;;;;;;;;;;;;;;;;;
Ścierka płócienna;;;;1;1;0;;;;;;;;;;;;;;;;;;;;;;;;;;;;;;;;;;
Świeca;;;;3;1;0;;;;;;;;;;;;;;;;;;;;;;;;;;;;;;;;;;
Wazon;;;;8;1;0;;;;;;;;;;;;;;;;;;;;;;;;;;;;;;;;;;
Węgiel do pisania;;;;10;1;0;;;;;;;;;;;;;;;;;;;;;;;;;;;;;;;;;;
Wiadro;;;;10;1;0;;;;;;;;;;;;;;;;;;;;;;;;;;;;;;;;;;
Wieszak;;;;2;1;0;;;;;;;;;;;;;;;;;;;;;;;;;;;;;;;;;;
Worek szmat;;;;5;1;0;;;;;;;;;;;;;;;;;;;;;;;;;;;;;;;;;;
Zestaw igieł;;;;5;1;0;;;;;;;;;;;;;;;;;;;;;;;;;;;;;;;;;;
Zestaw nici;;;;20;1;0;;;;;;;;;;;;;;;;;;;;;;;;;;;;;;;;;;
Zwierciadło;;;;20;1;0;;;;;;;;;;;;;;;;;;;;;;;;;;;;;;;;;;
SUBKTG;KUCHENNE;;;;;;;;;;;;;;;;;;;;;;;;;;;;;;;;;;;;;;;
Blacha do ciasta;;;;30;1;0;;;;;;;;;;;;;;;;;;;;;;;;;;;;;;;;;;
Chlebak;;;;10;1;0;;;;;;;;;;;;;;;;;;;;;;;;;;;;;;;;;;
Czajnik;;;;25;1;0;;;;;;;;;;;;;;;;;;;;;;;;;;;;;;;;;;
Deska do krojenia;;;;10;1;0;;;;;;;;;;;;;;;;;;;;;;;;;;;;;;;;;;
Dzbanek;;;;25;1;0;;;;;;;;;;;;;;;;;;;;;;;;;;;;;;;;;;
Dziadek do orzechów;;;;10;1;0;;;;;;;;;;;;;;;;;;;;;;;;;;;;;;;;;;
Foremka do chleba;;;;25;1;0;;;;;;;;;;;;;;;;;;;;;;;;;;;;;;;;;;
Garnek;;;;15;1;0;;;;;;;;;;;;;;;;;;;;;;;;;;;;;;;;;;
Kielich;;;;600;3;0;;;;;;;;;;;;;;;;;;;;;;;;;;;;;;;;;;
Kieliszek;;;;6;1;0;;;;;;;;;;;;;;;;;;;;;;;;;;;;;;;;;;
Kociołek;;;;100;1;0;;;;;;;;;;;;;;;;;;;;;;;;;;;;;;;;;;
Korkociąg;;;;5;1;0;;;;;;;;;;;;;;;;;;;;;;;;;;;;;;;;;;
Koszyk na warzywa;;;;15;1;0;;;;;;;;;;;;;;;;;;;;;;;;;;;;;;;;;;
Kubek;;;;3;1;0;;;;;;;;;;;;;;;;;;;;;;;;;;;;;;;;;;
Kufel;;;;5;1;0;;;;;;;;;;;;;;;;;;;;;;;;;;;;;;;;;;
Lejek;;;;10;1;0;;;;;;;;;;;;;;;;;;;;;;;;;;;;;;;;;;
Łyżka;;;;3;1;0;;;;;;;;;;;;;;;;;;;;;;;;;;;;;;;;;;
Maselniczka;;;;4;1;0;;;;;;;;;;;;;;;;;;;;;;;;;;;;;;;;;;
Miska;;;;3;1;0;;;;;;;;;;;;;;;;;;;;;;;;;;;;;;;;;;
Młynek do kawy;;;;100;2;0;;;;;;;;;;;;;;;;;;;;;;;;;;;;;;;;;;
Moździeż;;;;15;1;0;;;;;;;;;;;;;;;;;;;;;;;;;;;;;;;;;;
Nożyczki;;;;10;1;0;;;;;;;;;;;;;;;;;;;;;;;;;;;;;;;;;;
Nóż;;;;10;1;0;;;;;;;;;;;;;;;;;;;;;;;;;;;;;;;;;;
Obrus płócienny ;;;;10;1;12;;;;;;;;;;;;;;;;;;;;;;;;;;;;;;;;;;
Patelnia;;;;;;;;;;;;;;;;;;;;;;;;;;;;;;;;;;;;;;;;
Praska do czosnku;;;;20;1;0;;;;;;;;;;;;;;;;;;;;;;;;;;;;;;;;;;
Puchar;;;;250;2;0;;;;;;;;;;;;;;;;;;;;;;;;;;;;;;;;;;
Pusta butelka z korkiem;;;;1;1;0;;;;;;;;;;;;;;;;;;;;;;;;;;;;;;;;;;
Pusta zielona butelka z korkiem;;;;1;1;0;;;;;;;;;;;;;;;;;;;;;;;;;;;;;;;;;;
Pusty słoik z wieczkiem;;;;1;1;0;;;;;;;;;;;;;;;;;;;;;;;;;;;;;;;;;;
Pytel;;;;400;2;0;;;;;;;;;;;;;;;;;;;;;;;;;;;;;;;;;;
Rękawice kuchenne;;;;50;1;0;;;;;;;;;;;;;;;;;;;;;;;;;;;;;;;;;;
Salaterka;;;;3;1;0;;;;;;;;;;;;;;;;;;;;;;;;;;;;;;;;;;
Sitko metalowe;;;;10;1;0;;;;;;;;;;;;;;;;;;;;;;;;;;;;;;;;;;
Solniczka;;;;2;1;0;;;;;;;;;;;;;;;;;;;;;;;;;;;;;;;;;;
Srebrna zastawa w drewnianym kufrze;;;;2800;3;0;;;;;;;;;;;;;;;;;;;;;;;;;;;;;;;;;;
Stojak na nóże;;;;10;1;0;;;;;;;;;;;;;;;;;;;;;;;;;;;;;;;;;;
Szklanka;;;;7;1;0;;;;;;;;;;;;;;;;;;;;;;;;;;;;;;;;;;
Taca;;;;150;2;0;;;;;;;;;;;;;;;;;;;;;;;;;;;;;;;;;;
Talerz;;;;3;1;0;;;;;;;;;;;;;;;;;;;;;;;;;;;;;;;;;;
Talerz głęboki;;;;3;1;0;;;;;;;;;;;;;;;;;;;;;;;;;;;;;;;;;;
Tarka;;;;10;1;0;;;;;;;;;;;;;;;;;;;;;;;;;;;;;;;;;;
Tasak;;;;30;1;0;;;;;;;;;;;;;;;;;;;;;;;;;;;;;;;;;;
Tłuczek do mięsa;;;;10;1;0;;;;;;;;;;;;;;;;;;;;;;;;;;;;;;;;;;
Tłuczek do ziemniaków;;;;7;1;0;;;;;;;;;;;;;;;;;;;;;;;;;;;;;;;;;;
Trzepaczka do jajek;;;;10;1;0;;;;;;;;;;;;;;;;;;;;;;;;;;;;;;;;;;
Waga kuchenna;;;;80;2;0;;;;;;;;;;;;;;;;;;;;;;;;;;;;;;;;;;
Wałek do ciasta;;;;20;1;0;;;;;;;;;;;;;;;;;;;;;;;;;;;;;;;;;;
Widelec;;;;1;1;0;;;;;;;;;;;;;;;;;;;;;;;;;;;;;;;;;;
Zatyczka do wina metalowa;;;;10;1;0;;;;;;;;;;;;;;;;;;;;;;;;;;;;;;;;;;
Zestaw drewnianych sztućców;;;;80;1;0;;;;;;;;;;;;;;;;;;;;;;;;;;;;;;;;;;
Zestaw metalowych sztućców;;;;160;1;0;;;;;;;;;;;;;;;;;;;;;;;;;;;;;;;;;;
SUBKTG;OSOBISTE;;;;;;;;;;;;;;;;;;;;;;;;;;;;;;;;;;;;;;;
Agrafka;;;;0,2;1;0;;;;;;;;;;;;;;;;;;;;;;;;;;;;;;;;;;
Bębenek;;;;40;1;0;;;;;;;;;;;;;;;;;;;;;;;;;;;;;;;;;;
Binokle;;;;50;1;0;;;;;;;;;;;;;;;;;;;;;;;;;;;;;;;;;;
Butelka spirytusu;;;;5;1;0;;;;;;;;;;;;;;;;;;;;;;;;;;;;;;;;;;
Cymbałki;;;;30;1;0;;;;;;;;;;;;;;;;;;;;;;;;;;;;;;;;;;
Cytra;;;;90;1;0;;;;;;;;;;;;;;;;;;;;;;;;;;;;;;;;;;
Fajka;;;;15;1;0;;;;;;;;;;;;;;;;;;;;;;;;;;;;;;;;;;
Fletnia;;;;20;1;0;;;;;;;;;;;;;;;;;;;;;;;;;;;;;;;;;;
Gęśle;;;;40;1;0;;;;;;;;;;;;;;;;;;;;;;;;;;;;;;;;;;
Gitara;;;;90;1;0;;;;;;;;;;;;;;;;;;;;;;;;;;;;;;;;;;
Grzebień;;;;2;1;0;;;;;;;;;;;;;;;;;;;;;;;;;;;;;;;;;;
Harfa;;;;100;1;0;;;;;;;;;;;;;;;;;;;;;;;;;;;;;;;;;;
Hubka;;;;0,1;1;100;;;;;;;;;;;;;;;;;;;;;;;;;;;;;;;;;;
Hubka i krzesiwo;;;;12;1;0;;;;;;;;;;;;;;;;;;;;;;;;;;;;;;;;;;
Inkaust;;;;20;2;0;;;;;;;;;;;;;;;;;;;;;;;;;;;;;;;;;;
Kalumet;;;;50;2;0;;;;;;;;;;;;;;;;;;;;;;;;;;;;;;;;;;
Koc;;;;15;1;0;;;;;;;;;;;;;;;;;;;;;;;;;;;;;;;;;;
Kociołek podróżny;;;;15;1;0;;;;;;;;;;;;;;;;;;;;;;;;;;;;;;;;;;
Kompas;;;;60;2;0;;;;;;;;;;;;;;;;;;;;;;;;;;;;;;;;;;
Kozik;;;;8;1;0;;;;;;;;;;;;;;;;;;;;;;;;;;;;;;;;;;
Kreda do pisania;;;;4;1;0;;;;;;;;;;;;;;;;;;;;;;;;;;;;;;;;;;
Krzesiwo;;;;5;1;0;;;;;;;;;;;;;;;;;;;;;;;;;;;;;;;;;;
Lira;;;;50;1;0;;;;;;;;;;;;;;;;;;;;;;;;;;;;;;;;;;
Lira korbowa;;;;2300;3;0;;;;;;;;;;;;;;;;;;;;;;;;;;;;;;;;;;
Lupa;;;;20;1;0;;;;;;;;;;;;;;;;;;;;;;;;;;;;;;;;;;
Lutnia;;;;60;1;0;;;;;;;;;;;;;;;;;;;;;;;;;;;;;;;;;;
Mandolina;;;;70;1;0;;;;;;;;;;;;;;;;;;;;;;;;;;;;;;;;;;
Mapa gwiazd;;;;1500;3;0;;;;;;;;;;;;;;;;;;;;;;;;;;;;;;;;;;
Mapa kontynentu;;;;300;2;0;;;;;;;;;;;;;;;;;;;;;;;;;;;;;;;;;;
Mapa rzeczna;;;;1200;3;0;;;;;;;;;;;;;;;;;;;;;;;;;;;;;;;;;;
Mapa terenu;;;;100;2;0;;;;;;;;;;;;;;;;;;;;;;;;;;;;;;;;;;
Mapa wyspy;;;;200;2;0;;;;;;;;;;;;;;;;;;;;;;;;;;;;;;;;;;
Mieszek;;;;15;1;0;;;;;;;;;;;;;;;;;;;;;;;;;;;;;;;;;;
Monokl na łańcuszku;;;;25;1;0;;;;;;;;;;;;;;;;;;;;;;;;;;;;;;;;;;
Okaryna;;;;20;1;0;;;;;;;;;;;;;;;;;;;;;;;;;;;;;;;;;;
Okulary przeciwsłoneczne;;;;80;2;0;;;;;;;;;;;;;;;;;;;;;;;;;;;;;;;;;;
Ozdobna spinka do włosów;;;;4;2;0;;;;;;;;;;;;;;;;;;;;;;;;;;;;;;;;;;
Pergamin;;;;12;2;20;;;;;;;;;;;;;;;;;;;;;;;;;;;;;;;;;;
Pęk wytrychów;;;;10;1;0;;;;;;;;;;;;;;;;;;;;;;;;;;;;;;;;;;
Pochodnia;;;;7;1;0;;;;;;;;;;;;;;;;;;;;;;;;;;;;;;;;;;
Portatyw;;;;70;1;0;;;;;;;;;;;;;;;;;;;;;;;;;;;;;;;;;;
Portfel skórzany;;;;15;1;0;;;;;;;;;;;;;;;;;;;;;;;;;;;;;;;;;;
Portmonetka;;;;10;1;0;;;;;;;;;;;;;;;;;;;;;;;;;;;;;;;;;;
Przybornik kowalski;;;;600;2;0;;;;;;;;;;;;;;;;;;;;;;;;;;;;;;;;;;
Przybornik kreślarski;;;;200;2;0;;;;;;;;;;;;;;;;;;;;;;;;;;;;;;;;;;
Przybornik medyczny;;;;1500;3;0;;;;;;;;;;;;;;;;;;;;;;;;;;;;;;;;;;
Przybornik myśliwski;;;;600;2;0;;;;;;;;;;;;;;;;;;;;;;;;;;;;;;;;;;
Przybornik szlifierski;;;;600;2;0;;;;;;;;;;;;;;;;;;;;;;;;;;;;;;;;;;
Przybornik wędkarski;;;;300;2;0;;;;;;;;;;;;;;;;;;;;;;;;;;;;;;;;;;
Przybornik złodziejski;;;;400;2;0;;;;;;;;;;;;;;;;;;;;;;;;;;;;;;;;;;
Puzon;;;;500;2;0;;;;;;;;;;;;;;;;;;;;;;;;;;;;;;;;;;
Rak;;;;20;1;2;;;;;;;;;;;;;;;;;;;;;;;;;;;;;;;;;;
Róg;;;;25;1;0;;;;;;;;;;;;;;;;;;;;;;;;;;;;;;;;;;
Składane zwierciadełko;;;;30;2;0;;;;;;;;;;;;;;;;;;;;;;;;;;;;;;;;;;
Skrzypce;;;;150;2;0;;;;;;;;;;;;;;;;;;;;;;;;;;;;;;;;;;
Spinka do włosów;;;;1;1;0;;;;;;;;;;;;;;;;;;;;;;;;;;;;;;;;;;
Szałamaja;;;;80;1;0;;;;;;;;;;;;;;;;;;;;;;;;;;;;;;;;;;
Szczegółowa mapa terenu;;;;100;2;0;;;;;;;;;;;;;;;;;;;;;;;;;;;;;;;;;;
Szkło powiększające;;;;20;1;0;;;;;;;;;;;;;;;;;;;;;;;;;;;;;;;;;;
Sztandar;;;;200;1;0;;;;;;;;;;;;;;;;;;;;;;;;;;;;;;;;;;
Talia kart;;;;5;1;0;;;;;;;;;;;;;;;;;;;;;;;;;;;;;;;;;;
Trąbka;;;;90;1;0;;;;;;;;;;;;;;;;;;;;;;;;;;;;;;;;;;
Tuba na mapy;;;;20;1;0;;;;;;;;;;;;;;;;;;;;;;;;;;;;;;;;;;
Waga ;;;;100;1;0;;;;;;;;;;;;;;;;;;;;;;;;;;;;;;;;;;
Węgiel do pisania;;;;10;1;0;;;;;;;;;;;;;;;;;;;;;;;;;;;;;;;;;;
Wytrych;;;;0,2;1;30;;;;;;;;;;;;;;;;;;;;;;;;;;;;;;;;;;
Zawieszka na glejt;;;;8;1;0;;;;;;;;;;;;;;;;;;;;;;;;;;;;;;;;;;
Zegarek na łańcuszku;;;;100;2;0;;;;;;;;;;;;;;;;;;;;;;;;;;;;;;;;;;
Zgrzebło;;;;12;1;0;;;;;;;;;;;;;;;;;;;;;;;;;;;;;;;;;;
Zwierciadełko na łańcuchu;;;;30;2;0;;;;;;;;;;;;;;;;;;;;;;;;;;;;;;;;;;
Zwierciadło podręczne;;;;22;2;0;;;;;;;;;;;;;;;;;;;;;;;;;;;;;;;;;;
Żyłka z włosia;;;;1;1;80;;;;;;;;;;;;;;;;;;;;;;;;;;;;;;;;;;
SUBKTG;NARZĘDZIA;;;;;;;;;;;;;;;;;;;;;;;;;;;;;;;;;;;;;;;
Brzeszczot do drewna;;;;6;1;0;;;;;;;;;;;;;;;;;;;;;;;;;;;;;;;;;;
Brzeszczot do metalu;;;;8;1;0;;;;;;;;;;;;;;;;;;;;;;;;;;;;;;;;;;
Cep;;;;10;1;0;;;;;;;;;;;;;;;;;;;;;;;;;;;;;;;;;;
Ciesak;;;;15;2;0;;;;;;;;;;;;;;;;;;;;;;;;;;;;;;;;;;
Dłuto;;;;5;1;0;;;;;;;;;;;;;;;;;;;;;;;;;;;;;;;;;;
Graca;;;;10;1;0;;;;;;;;;;;;;;;;;;;;;;;;;;;;;;;;;;
Gwóźdź;;;;0,1;1;0;;;;;;;;;;;;;;;;;;;;;;;;;;;;;;;;;;
Kilof;;;;40;1;0;;;;;;;;;;;;;;;;;;;;;;;;;;;;;;;;;;
Kosa;;;;30;1;0;;;;;;;;;;;;;;;;;;;;;;;;;;;;;;;;;;
Kowadło;;;;400;2;0;;;;;;;;;;;;;;;;;;;;;;;;;;;;;;;;;;
Łom;;;;20;1;0;;;;;;;;;;;;;;;;;;;;;;;;;;;;;;;;;;
Łopata;;;;30;1;0;;;;;;;;;;;;;;;;;;;;;;;;;;;;;;;;;;
Łopata piekarska;;;;25;2;0;;;;;;;;;;;;;;;;;;;;;;;;;;;;;;;;;;
Młot;;;;50;1;0;;;;;;;;;;;;;;;;;;;;;;;;;;;;;;;;;;
Młot kowalski;;;;80;1;0;;;;;;;;;;;;;;;;;;;;;;;;;;;;;;;;;;
Młotek;;;;20;1;0;;;;;;;;;;;;;;;;;;;;;;;;;;;;;;;;;;
Motyka;;;;25;1;0;;;;;;;;;;;;;;;;;;;;;;;;;;;;;;;;;;
Obcęgi;;;;10;1;0;;;;;;;;;;;;;;;;;;;;;;;;;;;;;;;;;;
Paczka gwoździ;;;;10;1;0;;;;;;;;;;;;;;;;;;;;;;;;;;;;;;;;;;
Pilnik;;;;3;1;0;;;;;;;;;;;;;;;;;;;;;;;;;;;;;;;;;;
Piła do metalu;;;;40;1;0;;;;;;;;;;;;;;;;;;;;;;;;;;;;;;;;;;
Piła ręczna;;;;20;1;0;;;;;;;;;;;;;;;;;;;;;;;;;;;;;;;;;;
Piła tartaczna;;;;300;2;0;;;;;;;;;;;;;;;;;;;;;;;;;;;;;;;;;;
Pobijak;;;;10;1;0;;;;;;;;;;;;;;;;;;;;;;;;;;;;;;;;;;
Saperka;;;;15;1;0;;;;;;;;;;;;;;;;;;;;;;;;;;;;;;;;;;
Sieć;;;;10;1;20;;;;;;;;;;;;;;;;;;;;;;;;;;;;;;;;;;
Siekiera;;;;50;1;0;;;;;;;;;;;;;;;;;;;;;;;;;;;;;;;;;;
Sierp;;;;15;1;0;;;;;;;;;;;;;;;;;;;;;;;;;;;;;;;;;;
Szpachla;;;;8;1;0;;;;;;;;;;;;;;;;;;;;;;;;;;;;;;;;;;
Szpadel;;;;8;1;0;;;;;;;;;;;;;;;;;;;;;;;;;;;;;;;;;;
Świder do drewna;;;;4;1;0;;;;;;;;;;;;;;;;;;;;;;;;;;;;;;;;;;
Tarnik;;;;4;1;0;;;;;;;;;;;;;;;;;;;;;;;;;;;;;;;;;;
Trok;;;;3;1;0;;;;;;;;;;;;;;;;;;;;;;;;;;;;;;;;;;
Troki myśliwskie;;;;30;2;0;;;;;;;;;;;;;;;;;;;;;;;;;;;;;;;;;;
Wędka;;;;10;1;0;;;;;;;;;;;;;;;;;;;;;;;;;;;;;;;;;;
Widły;;;;12;1;0;;;;;;;;;;;;;;;;;;;;;;;;;;;;;;;;;;
Żarno;;;;150;2;0;;;;;;;;;;;;;;;;;;;;;;;;;;;;;;;;;;
SUBKTG;POJEMNIKI;;;;;;;;;;;;;;;;;;;;;;;;;;;;;;;;;;;;;;;
Bransoleta ze schowkiem;;;;180;3;0;;;;;;;;;;;;;;;;;;;;;;;;;;;;;;;;;;
Bukłak;;;;15;1;0;;;;;;;;;;;;;;;;;;;;;;;;;;;;;;;;;;
Całun pogrzebowy;;;;45;1;0;;;;;;;;;;;;;;;;;;;;;;;;;;;;;;;;;;
Kufer;;;;160;2;0;;;;;;;;;;;;;;;;;;;;;;;;;;;;;;;;;;
Pierścień z pojemnikiem;;;;120;3;0;;;;;;;;;;;;;;;;;;;;;;;;;;;;;;;;;;
Portfel;;;;15;1;0;;;;;;;;;;;;;;;;;;;;;;;;;;;;;;;;;;
Portmomentka;;;;10;1;0;;;;;;;;;;;;;;;;;;;;;;;;;;;;;;;;;;
Pudełko na tytoń;;;;9;1;0;;;;;;;;;;;;;;;;;;;;;;;;;;;;;;;;;;
Puzderko;;;;3;1;0;;;;;;;;;;;;;;;;;;;;;;;;;;;;;;;;;;
Sarkofag;;;;1200;3;0;;;;;;;;;;;;;;;;;;;;;;;;;;;;;;;;;;
Sejf;;;;150;1;0;;;;;;;;;;;;;;;;;;;;;;;;;;;;;;;;;;
Skrzynia;;;;30;1;0;;;;;;;;;;;;;;;;;;;;;;;;;;;;;;;;;;
Szafka na klucze;;;;16;1;0;;;;;;;;;;;;;;;;;;;;;;;;;;;;;;;;;;
Szkatuła;;;;6;1;0;;;;;;;;;;;;;;;;;;;;;;;;;;;;;;;;;;
Trumna;;;;170;2;0;;;;;;;;;;;;;;;;;;;;;;;;;;;;;;;;;;
Worek na wodę;;;;5;1;0;;;;;;;;;;;;;;;;;;;;;;;;;;;;;;;;;;
SUBKTG;ŻEGLARSKIE;;;;;;;;;;;;;;;;;;;;;;;;;;;;;;;;;;;;;;;
Bosak;;;;25;1;0;;;;;;;;;;;;;;;;;;;;;;;;;;;;;;;;;;
Kotwica;;;;600;2;0;;;;;;;;;;;;;;;;;;;;;;;;;;;;;;;;;;
Kotwiczka;;;;20;1;0;;;;;;;;;;;;;;;;;;;;;;;;;;;;;;;;;;
Lina;;;;8;1;30;;;;;;;;;;;;;;;;;;;;;;;;;;;;;;;;;;
Lina cumownicza;;;;20;2;15;;;;;;;;;;;;;;;;;;;;;;;;;;;;;;;;;;
Luneta;;;;400;2;0;;;;;;;;;;;;;;;;;;;;;;;;;;;;;;;;;;
Osęk;;;;15;1;0;;;;;;;;;;;;;;;;;;;;;;;;;;;;;;;;;;
Prosiak;;;;1500;3;0;;;;;;;;;;;;;;;;;;;;;;;;;;;;;;;;;;
Sekstant;;;;300;2;0;;;;;;;;;;;;;;;;;;;;;;;;;;;;;;;;;;
Sieć rybacka;;;;30;2;20;;;;;;;;;;;;;;;;;;;;;;;;;;;;;;;;;;
Szekla;;;;10;1;0;;;;;;;;;;;;;;;;;;;;;;;;;;;;;;;;;;
Śpiewnik z szantami;;;;20;1;0;;;;;;;;;;;;;;;;;;;;;;;;;;;;;;;;;;
Wędka;;;;;;;;;;;;;;;;;;;;;;;;;;;;;;;;;;;;;;;;
Zestaw wędek;;;;50;1;0;;;;;;;;;;;;;;;;;;;;;;;;;;;;;;;;;;
KTG;KOSZTOWNOŚCI, OZDOBY I BIŻUTERIA;;;;;;;;;;;;;;;;;;;;;;;;;;;;;;;;;;;;;;;
SUBKTG;DODATKI;;;;;;;;;;;;;;;;;;;;;;;;;;;;;;;;;;;;;;;
Perfumy;;;;;;;;;;;;;;;;;;;;;;;;;;;;;;;;;;;;;;;;
Spinki do maniektów;;;;;;;;;;;;;;;;;;;;;;;;;;;;;;;;;;;;;;;;
Binokle;;;;;;;;;;;;;;;;;;;;;;;;;;;;;;;;;;;;;;;;
Monokl;;;;;;;;;;;;;;;;;;;;;;;;;;;;;;;;;;;;;;;;
Zegarek na łańcuszku;;;;;;;;;;;;;;;;;;;;;;;;;;;;;;;;;;;;;;;;
Talia kart;;;;;;;;;;;;;;;;;;;;;;;;;;;;;;;;;;;;;;;;
Fajka;;;;;;;;;;;;;;;;;;;;;;;;;;;;;;;;;;;;;;;;
Luneta;;;;;;;;;;;;;;;;;;;;;;;;;;;;;;;;;;;;;;;;
Skrzypce;;;;;;;;;;;;;;;;;;;;;;;;;;;;;;;;;;;;;;;;
Kołczan;;;;;;;;;;;;;;;;;;;;;;;;;;;;;;;;;;;;;;;;
Płaszcz;;;;;;;;;;;;;;;;;;;;;;;;;;;;;;;;;;;;;;;;
SUBKTG;KOSZTOWNOŚCI;;;;;;;;;;;;;;;;;;;;;;;;;;;;;;;;;;;;;;;
Diament;;;;;;;;;;;;;;;;;;;;;;;;;;;;;;;;;;;;;;;;
Brylant;;;;;;;;;;;;;;;;;;;;;;;;;;;;;;;;;;;;;;;;
Szmaragd;;;;;;;;;;;;;;;;;;;;;;;;;;;;;;;;;;;;;;;;
Rubin;;;;;;;;;;;;;;;;;;;;;;;;;;;;;;;;;;;;;;;;
Szafir;;;;;;;;;;;;;;;;;;;;;;;;;;;;;;;;;;;;;;;;
Topaz;;;;;;;;;;;;;;;;;;;;;;;;;;;;;;;;;;;;;;;;
Beryl;;;;;;;;;;;;;;;;;;;;;;;;;;;;;;;;;;;;;;;;
Jaspis;;;;;;;;;;;;;;;;;;;;;;;;;;;;;;;;;;;;;;;;
Agat;;;;;;;;;;;;;;;;;;;;;;;;;;;;;;;;;;;;;;;;
Malachit;;;;;;;;;;;;;;;;;;;;;;;;;;;;;;;;;;;;;;;;
Posążek;;;;;;;;;;;;;;;;;;;;;;;;;;;;;;;;;;;;;;;;
Rzeźba;;;;;;;;;;;;;;;;;;;;;;;;;;;;;;;;;;;;;;;;
Popiersie;;;;;;;;;;;;;;;;;;;;;;;;;;;;;;;;;;;;;;;;
Bursztyn;;;;;;;;;;;;;;;;;;;;;;;;;;;;;;;;;;;;;;;;
Perła;;;;;;;;;;;;;;;;;;;;;;;;;;;;;;;;;;;;;;;;
Porcelanowa zastawa;;;;;;;;;;;;;;;;;;;;;;;;;;;;;;;;;;;;;;;;
Kość słoniowa;;;;;;;;;;;;;;;;;;;;;;;;;;;;;;;;;;;;;;;;
Kryształowa karafka;;;;;;;;;;;;;;;;;;;;;;;;;;;;;;;;;;;;;;;;
Kryształowe kieliszki;;;;;;;;;;;;;;;;;;;;;;;;;;;;;;;;;;;;;;;;
Kryształowa szkatuła;;;;;;;;;;;;;;;;;;;;;;;;;;;;;;;;;;;;;;;;
Kielich;;;;;;;;;;;;;;;;;;;;;;;;;;;;;;;;;;;;;;;;
Żyrandol;;;;;;;;;;;;;;;;;;;;;;;;;;;;;;;;;;;;;;;;
Kandelabr;;;;;;;;;;;;;;;;;;;;;;;;;;;;;;;;;;;;;;;;
Lichtarz;;;;;;;;;;;;;;;;;;;;;;;;;;;;;;;;;;;;;;;;
Psyche;;;;;;;;;;;;;;;;;;;;;;;;;;;;;;;;;;;;;;;;
Kinkiet;;;;;;;;;;;;;;;;;;;;;;;;;;;;;;;;;;;;;;;;
KTG;ŻYWNOŚĆ;;;;;;;;;;;;;;;;;;;;;;;;;;;;;;;;;;;;;;;
SUBKTG;ALKOHOLE;;;;;;;;;;;;;;;;;;;;;;;;;;;;;;;;;;;;;;;
Białe wino;;;;;;;;;;;;;;;;;;;;;;;;;;;;;;;;;;;;;;;;
Czerwone wino;;;;;;;;;;;;;;;;;;;;;;;;;;;;;;;;;;;;;;;;
Bimber;;;;;;;;;;;;;;;;;;;;;;;;;;;;;;;;;;;;;;;;
Spirytus;;;;;;;;;;;;;;;;;;;;;;;;;;;;;;;;;;;;;;;;
Wódka;;;;;;;;;;;;;;;;;;;;;;;;;;;;;;;;;;;;;;;;
Piwo jasne;;;;;;;;;;;;;;;;;;;;;;;;;;;;;;;;;;;;;;;;
Miód pitny;;;;;;;;;;;;;;;;;;;;;;;;;;;;;;;;;;;;;;;;
Piwo ciemne;;;;;;;;;;;;;;;;;;;;;;;;;;;;;;;;;;;;;;;;
SUBKTG;DLA ZWIERZĄT;;;;;;;;;;;;;;;;;;;;;;;;;;;;;;;;;;;;;;;
Bela siana;;;;;;;;;;;;;;;;;;;;;;;;;;;;;;;;;;;;;;;;
Wór słomy;;;;;;;;;;;;;;;;;;;;;;;;;;;;;;;;;;;;;;;;
Wór plew;;;;;;;;;;;;;;;;;;;;;;;;;;;;;;;;;;;;;;;;
Wór trawy;;;;;;;;;;;;;;;;;;;;;;;;;;;;;;;;;;;;;;;;
Bela kiszonki;;;;;;;;;;;;;;;;;;;;;;;;;;;;;;;;;;;;;;;;
Wór paszy kukurydzianej;;;;;;;;;;;;;;;;;;;;;;;;;;;;;;;;;;;;;;;;
Wór paszy zbożowej;;;;;;;;;;;;;;;;;;;;;;;;;;;;;;;;;;;;;;;;
Wór paszy okopowej;;;;;;;;;;;;;;;;;;;;;;;;;;;;;;;;;;;;;;;;
Wór mieszanki paszowej;;;;;;;;;;;;;;;;;;;;;;;;;;;;;;;;;;;;;;;;
Wór paszy odżywczej;;;;;;;;;;;;;;;;;;;;;;;;;;;;;;;;;;;;;;;;
Wór odpadków;;;;;;;;;;;;;;;;;;;;;;;;;;;;;;;;;;;;;;;;
SUBKTG;GOTOWE DANIA;;;;;;;;;;;;;;;;;;;;;;;;;;;;;;;;;;;;;;;
Maczanka;;;;;;;;;;;;;;;;;;;;;;;;;;;;;;;;;;;;;;;;
Owsianka pszeniczna;;;;;;;;;;;;;;;;;;;;;;;;;;;;;;;;;;;;;;;;
Bulion mięsny;;;;;;;;;;;;;;;;;;;;;;;;;;;;;;;;;;;;;;;;
Placki;;;;;;;;;;;;;;;;;;;;;;;;;;;;;;;;;;;;;;;;
Gulasz;;;;;;;;;;;;;;;;;;;;;;;;;;;;;;;;;;;;;;;;
Zupa;;;;;;;;;;;;;;;;;;;;;;;;;;;;;;;;;;;;;;;;
SUBKTG;NAPOJE;;;;;;;;;;;;;;;;;;;;;;;;;;;;;;;;;;;;;;;
Woda;;;;;;;;;;;;;;;;;;;;;;;;;;;;;;;;;;;;;;;;
Mleko;;;;;;;;;;;;;;;;;;;;;;;;;;;;;;;;;;;;;;;;
Maślanka;;;;;;;;;;;;;;;;;;;;;;;;;;;;;;;;;;;;;;;;
Serwatka;;;;;;;;;;;;;;;;;;;;;;;;;;;;;;;;;;;;;;;;
Sok;;;;;;;;;;;;;;;;;;;;;;;;;;;;;;;;;;;;;;;;
Cydr;;;;;;;;;;;;;;;;;;;;;;;;;;;;;;;;;;;;;;;;
Miód pitny;;;;;;;;;;;;;;;;;;;;;;;;;;;;;;;;;;;;;;;;
Napar ziołowy;;;;;;;;;;;;;;;;;;;;;;;;;;;;;;;;;;;;;;;;
Herbata;;;;;;;;;;;;;;;;;;;;;;;;;;;;;;;;;;;;;;;;
Kawa;;;;;;;;;;;;;;;;;;;;;;;;;;;;;;;;;;;;;;;;
Kompot;;;;;;;;;;;;;;;;;;;;;;;;;;;;;;;;;;;;;;;;
SUBKTG;NASIONA;;;;;;;;;;;;;;;;;;;;;;;;;;;;;;;;;;;;;;;
Nasiona arbuza;;;;;;;;;;;;;;;;;;;;;;;;;;;;;;;;;;;;;;;;
Nasiona bobu;;;;;;;;;;;;;;;;;;;;;;;;;;;;;;;;;;;;;;;;
Nasiona brokuł;;;;;;;;;;;;;;;;;;;;;;;;;;;;;;;;;;;;;;;;
Nasiona buraka;;;;;;;;;;;;;;;;;;;;;;;;;;;;;;;;;;;;;;;;
Nasiona cebuli;;;;;;;;;;;;;;;;;;;;;;;;;;;;;;;;;;;;;;;;
Nasiona ciecierzycy;;;;;;;;;;;;;;;;;;;;;;;;;;;;;;;;;;;;;;;;
Nasiona cukinii;;;;;;;;;;;;;;;;;;;;;;;;;;;;;;;;;;;;;;;;
Nasiona czosnku;;;;;;;;;;;;;;;;;;;;;;;;;;;;;;;;;;;;;;;;
Nasiona drzewa cytrynowego;;;;;;;;;;;;;;;;;;;;;;;;;;;;;;;;;;;;;;;;
Nasiona drzewa pomarańczy;;;;;;;;;;;;;;;;;;;;;;;;;;;;;;;;;;;;;;;;
Nasiona dyni;;;;;;;;;;;;;;;;;;;;;;;;;;;;;;;;;;;;;;;;
Nasiona fasoli;;;;;;;;;;;;;;;;;;;;;;;;;;;;;;;;;;;;;;;;
Nasiona figowca;;;;;;;;;;;;;;;;;;;;;;;;;;;;;;;;;;;;;;;;
Nasiona goździka;;;;;;;;;;;;;;;;;;;;;;;;;;;;;;;;;;;;;;;;
Nasiona granatu;;;;;;;;;;;;;;;;;;;;;;;;;;;;;;;;;;;;;;;;
Nasiona grochu;;;;;;;;;;;;;;;;;;;;;;;;;;;;;;;;;;;;;;;;
Nasiona gruszy;;;;;;;;;;;;;;;;;;;;;;;;;;;;;;;;;;;;;;;;
Nasiona gryki;;;;;;;;;;;;;;;;;;;;;;;;;;;;;;;;;;;;;;;;
Nasiona imbiru;;;;;;;;;;;;;;;;;;;;;;;;;;;;;;;;;;;;;;;;
Nasiona jabłoni;;;;;;;;;;;;;;;;;;;;;;;;;;;;;;;;;;;;;;;;
Nasiona jęczmienia;;;;;;;;;;;;;;;;;;;;;;;;;;;;;;;;;;;;;;;;
Nasiona kalafiora;;;;;;;;;;;;;;;;;;;;;;;;;;;;;;;;;;;;;;;;
Nasiona kapusty;;;;;;;;;;;;;;;;;;;;;;;;;;;;;;;;;;;;;;;;
Nasiona kopru;;;;;;;;;;;;;;;;;;;;;;;;;;;;;;;;;;;;;;;;
Nasiona kukurydzy;;;;;;;;;;;;;;;;;;;;;;;;;;;;;;;;;;;;;;;;
Nasiona malin;;;;;;;;;;;;;;;;;;;;;;;;;;;;;;;;;;;;;;;;
Nasiona marchwi;;;;;;;;;;;;;;;;;;;;;;;;;;;;;;;;;;;;;;;;
Nasiona ogórka;;;;;;;;;;;;;;;;;;;;;;;;;;;;;;;;;;;;;;;;
Nasiona orzecha;;;;;;;;;;;;;;;;;;;;;;;;;;;;;;;;;;;;;;;;
Nasiona owsa;;;;;;;;;;;;;;;;;;;;;;;;;;;;;;;;;;;;;;;;
Nasiona palmy daktylowej;;;;;;;;;;;;;;;;;;;;;;;;;;;;;;;;;;;;;;;;
Nasiona papryki;;;;;;;;;;;;;;;;;;;;;;;;;;;;;;;;;;;;;;;;
Nasiona pietruszki;;;;;;;;;;;;;;;;;;;;;;;;;;;;;;;;;;;;;;;;
Nasiona pigwy;;;;;;;;;;;;;;;;;;;;;;;;;;;;;;;;;;;;;;;;
Nasiona pomidora;;;;;;;;;;;;;;;;;;;;;;;;;;;;;;;;;;;;;;;;
Nasiona pora;;;;;;;;;;;;;;;;;;;;;;;;;;;;;;;;;;;;;;;;
Nasiona pszenicy;;;;;;;;;;;;;;;;;;;;;;;;;;;;;;;;;;;;;;;;
Nasiona rabarbaru;;;;;;;;;;;;;;;;;;;;;;;;;;;;;;;;;;;;;;;;
Nasiona ryżu;;;;;;;;;;;;;;;;;;;;;;;;;;;;;;;;;;;;;;;;
Nasiona rzepy;;;;;;;;;;;;;;;;;;;;;;;;;;;;;;;;;;;;;;;;
Nasiona rzodkwi;;;;;;;;;;;;;;;;;;;;;;;;;;;;;;;;;;;;;;;;
Nasiona selera;;;;;;;;;;;;;;;;;;;;;;;;;;;;;;;;;;;;;;;;
Nasiona słonecznika;;;;;;;;;;;;;;;;;;;;;;;;;;;;;;;;;;;;;;;;
Nasiona szafranu;;;;;;;;;;;;;;;;;;;;;;;;;;;;;;;;;;;;;;;;
Nasiona szczypioru;;;;;;;;;;;;;;;;;;;;;;;;;;;;;;;;;;;;;;;;
Nasiona śliwy;;;;;;;;;;;;;;;;;;;;;;;;;;;;;;;;;;;;;;;;
Nasiona truskawki;;;;;;;;;;;;;;;;;;;;;;;;;;;;;;;;;;;;;;;;
Nasiona winogron;;;;;;;;;;;;;;;;;;;;;;;;;;;;;;;;;;;;;;;;
Nasiona ziemniaka;;;;;;;;;;;;;;;;;;;;;;;;;;;;;;;;;;;;;;;;
SUBKTG;PODSTAWOWE;;;;;;;;;;;;;;;;;;;;;;;;;;;;;;;;;;;;;;;
Borowiki;;;;;;;;;;;;;;;;;;;;;;;;;;;;;;;;;;;;;;;;
Bób;;;;;;;;;;;;;;;;;;;;;;;;;;;;;;;;;;;;;;;;
Buraki;;;;;;;;;;;;;;;;;;;;;;;;;;;;;;;;;;;;;;;;
Cebule;;;;;;;;;;;;;;;;;;;;;;;;;;;;;;;;;;;;;;;;
Chleb;;;;;;;;;;;;;;;;;;;;;;;;;;;;;;;;;;;;;;;;
Ciecierzyca;;;;;;;;;;;;;;;;;;;;;;;;;;;;;;;;;;;;;;;;
Cukier;;;;;;;;;;;;;;;;;;;;;;;;;;;;;;;;;;;;;;;;
Cytryny;;;;;;;;;;;;;;;;;;;;;;;;;;;;;;;;;;;;;;;;
Czosnek;;;;;;;;;;;;;;;;;;;;;;;;;;;;;;;;;;;;;;;;
Daktyle;;;;;;;;;;;;;;;;;;;;;;;;;;;;;;;;;;;;;;;;
Dorsz;;;;;;;;;;;;;;;;;;;;;;;;;;;;;;;;;;;;;;;;
Fasola;;;;;;;;;;;;;;;;;;;;;;;;;;;;;;;;;;;;;;;;
Figi;;;;;;;;;;;;;;;;;;;;;;;;;;;;;;;;;;;;;;;;
Groch;;;;;;;;;;;;;;;;;;;;;;;;;;;;;;;;;;;;;;;;
Gruszki;;;;;;;;;;;;;;;;;;;;;;;;;;;;;;;;;;;;;;;;
Gryki;;;;;;;;;;;;;;;;;;;;;;;;;;;;;;;;;;;;;;;;
Imbir;;;;;;;;;;;;;;;;;;;;;;;;;;;;;;;;;;;;;;;;
Jabłka;;;;;;;;;;;;;;;;;;;;;;;;;;;;;;;;;;;;;;;;
Jaja;;;;;;;;;;;;;;;;;;;;;;;;;;;;;;;;;;;;;;;;
Jeżyny;;;;;;;;;;;;;;;;;;;;;;;;;;;;;;;;;;;;;;;;
Jęczmień;;;;;;;;;;;;;;;;;;;;;;;;;;;;;;;;;;;;;;;;
Kakao;;;;;;;;;;;;;;;;;;;;;;;;;;;;;;;;;;;;;;;;
Kalafior;;;;;;;;;;;;;;;;;;;;;;;;;;;;;;;;;;;;;;;;
Kapusta;;;;;;;;;;;;;;;;;;;;;;;;;;;;;;;;;;;;;;;;
Karp;;;;;;;;;;;;;;;;;;;;;;;;;;;;;;;;;;;;;;;;
Kiełbasa;;;;;;;;;;;;;;;;;;;;;;;;;;;;;;;;;;;;;;;;
Koper;;;;;;;;;;;;;;;;;;;;;;;;;;;;;;;;;;;;;;;;
Koźlarz;;;;;;;;;;;;;;;;;;;;;;;;;;;;;;;;;;;;;;;;
Kukurydza;;;;;;;;;;;;;;;;;;;;;;;;;;;;;;;;;;;;;;;;
Leszcz;;;;;;;;;;;;;;;;;;;;;;;;;;;;;;;;;;;;;;;;
Maliny;;;;;;;;;;;;;;;;;;;;;;;;;;;;;;;;;;;;;;;;
Marchew;;;;;;;;;;;;;;;;;;;;;;;;;;;;;;;;;;;;;;;;
Masło;;;;;;;;;;;;;;;;;;;;;;;;;;;;;;;;;;;;;;;;
Maślaki;;;;;;;;;;;;;;;;;;;;;;;;;;;;;;;;;;;;;;;;
Mąka;;;;;;;;;;;;;;;;;;;;;;;;;;;;;;;;;;;;;;;;
Mięso baranie;;;;;;;;;;;;;;;;;;;;;;;;;;;;;;;;;;;;;;;;
Mięso cielęce;;;;;;;;;;;;;;;;;;;;;;;;;;;;;;;;;;;;;;;;
Mięso drobiowe;;;;;;;;;;;;;;;;;;;;;;;;;;;;;;;;;;;;;;;;
Mięso jagnięcie;;;;;;;;;;;;;;;;;;;;;;;;;;;;;;;;;;;;;;;;
Mięso wieprzowe;;;;;;;;;;;;;;;;;;;;;;;;;;;;;;;;;;;;;;;;
Mięso wołowe;;;;;;;;;;;;;;;;;;;;;;;;;;;;;;;;;;;;;;;;
Mięso z konia;;;;;;;;;;;;;;;;;;;;;;;;;;;;;;;;;;;;;;;;
Minoga;;;;;;;;;;;;;;;;;;;;;;;;;;;;;;;;;;;;;;;;
Miód;;;;;;;;;;;;;;;;;;;;;;;;;;;;;;;;;;;;;;;;
Ogórki;;;;;;;;;;;;;;;;;;;;;;;;;;;;;;;;;;;;;;;;
Okoń;;;;;;;;;;;;;;;;;;;;;;;;;;;;;;;;;;;;;;;;
Olej;;;;;;;;;;;;;;;;;;;;;;;;;;;;;;;;;;;;;;;;
Orzechy;;;;;;;;;;;;;;;;;;;;;;;;;;;;;;;;;;;;;;;;
Ostrygi;;;;;;;;;;;;;;;;;;;;;;;;;;;;;;;;;;;;;;;;
Owies;;;;;;;;;;;;;;;;;;;;;;;;;;;;;;;;;;;;;;;;
Owoce granatu;;;;;;;;;;;;;;;;;;;;;;;;;;;;;;;;;;;;;;;;
Papryczki chilli;;;;;;;;;;;;;;;;;;;;;;;;;;;;;;;;;;;;;;;;
Papryki;;;;;;;;;;;;;;;;;;;;;;;;;;;;;;;;;;;;;;;;
Pieczarki;;;;;;;;;;;;;;;;;;;;;;;;;;;;;;;;;;;;;;;;
Pietruszki;;;;;;;;;;;;;;;;;;;;;;;;;;;;;;;;;;;;;;;;
Pigwy;;;;;;;;;;;;;;;;;;;;;;;;;;;;;;;;;;;;;;;;
Podgrzybki;;;;;;;;;;;;;;;;;;;;;;;;;;;;;;;;;;;;;;;;
Pomarańcze;;;;;;;;;;;;;;;;;;;;;;;;;;;;;;;;;;;;;;;;
Pomidory;;;;;;;;;;;;;;;;;;;;;;;;;;;;;;;;;;;;;;;;
Por;;;;;;;;;;;;;;;;;;;;;;;;;;;;;;;;;;;;;;;;
Proso;;;;;;;;;;;;;;;;;;;;;;;;;;;;;;;;;;;;;;;;
Pstrąg;;;;;;;;;;;;;;;;;;;;;;;;;;;;;;;;;;;;;;;;
Pszenica;;;;;;;;;;;;;;;;;;;;;;;;;;;;;;;;;;;;;;;;
Rabarbar;;;;;;;;;;;;;;;;;;;;;;;;;;;;;;;;;;;;;;;;
Rak;;;;;;;;;;;;;;;;;;;;;;;;;;;;;;;;;;;;;;;;
Ryż;;;;;;;;;;;;;;;;;;;;;;;;;;;;;;;;;;;;;;;;
Rzepa;;;;;;;;;;;;;;;;;;;;;;;;;;;;;;;;;;;;;;;;
Rzodkiew;;;;;;;;;;;;;;;;;;;;;;;;;;;;;;;;;;;;;;;;
Sałata;;;;;;;;;;;;;;;;;;;;;;;;;;;;;;;;;;;;;;;;
Seler;;;;;;;;;;;;;;;;;;;;;;;;;;;;;;;;;;;;;;;;
Ser;;;;;;;;;;;;;;;;;;;;;;;;;;;;;;;;;;;;;;;;
Słoneczniki;;;;;;;;;;;;;;;;;;;;;;;;;;;;;;;;;;;;;;;;
Smalec;;;;;;;;;;;;;;;;;;;;;;;;;;;;;;;;;;;;;;;;
Sól;;;;;;;;;;;;;;;;;;;;;;;;;;;;;;;;;;;;;;;;
Szczupak;;;;;;;;;;;;;;;;;;;;;;;;;;;;;;;;;;;;;;;;
Śledź;;;;;;;;;;;;;;;;;;;;;;;;;;;;;;;;;;;;;;;;
Śliwki;;;;;;;;;;;;;;;;;;;;;;;;;;;;;;;;;;;;;;;;
Śmietana;;;;;;;;;;;;;;;;;;;;;;;;;;;;;;;;;;;;;;;;
Trufla;;;;;;;;;;;;;;;;;;;;;;;;;;;;;;;;;;;;;;;;
Truskawki;;;;;;;;;;;;;;;;;;;;;;;;;;;;;;;;;;;;;;;;
Twaróg;;;;;;;;;;;;;;;;;;;;;;;;;;;;;;;;;;;;;;;;
Wanilia;;;;;;;;;;;;;;;;;;;;;;;;;;;;;;;;;;;;;;;;
Winogrona;;;;;;;;;;;;;;;;;;;;;;;;;;;;;;;;;;;;;;;;
Wiśnie;;;;;;;;;;;;;;;;;;;;;;;;;;;;;;;;;;;;;;;;
Ziarno;;;;;;;;;;;;;;;;;;;;;;;;;;;;;;;;;;;;;;;;
Ziemniaki;;;;;;;;;;;;;;;;;;;;;;;;;;;;;;;;;;;;;;;;
Żyto;;;;;;;;;;;;;;;;;;;;;;;;;;;;;;;;;;;;;;;;
SUBKTG;ZIOŁA I PRZYPRAWY;;;;;;;;;;;;;;;;;;;;;;;;;;;;;;;;;;;;;;;
Anyż;;;;;;;;;;;;;;;;;;;;;;;;;;;;;;;;;;;;;;;;
Bazylia;;;;;;;;;;;;;;;;;;;;;;;;;;;;;;;;;;;;;;;;
Chili;;;;;;;;;;;;;;;;;;;;;;;;;;;;;;;;;;;;;;;;
Chrzan;;;;;;;;;;;;;;;;;;;;;;;;;;;;;;;;;;;;;;;;
Cukier;;;;;;;;;;;;;;;;;;;;;;;;;;;;;;;;;;;;;;;;
Cynamon;;;;;;;;;;;;;;;;;;;;;;;;;;;;;;;;;;;;;;;;
Czarnuszka;;;;;;;;;;;;;;;;;;;;;;;;;;;;;;;;;;;;;;;;
Cząber;;;;;;;;;;;;;;;;;;;;;;;;;;;;;;;;;;;;;;;;
Czosnek;;;;;;;;;;;;;;;;;;;;;;;;;;;;;;;;;;;;;;;;
Estragon;;;;;;;;;;;;;;;;;;;;;;;;;;;;;;;;;;;;;;;;
Gałka muszkatołowa;;;;;;;;;;;;;;;;;;;;;;;;;;;;;;;;;;;;;;;;
Gorczyca;;;;;;;;;;;;;;;;;;;;;;;;;;;;;;;;;;;;;;;;
Goździki;;;;;;;;;;;;;;;;;;;;;;;;;;;;;;;;;;;;;;;;
Imbir;;;;;;;;;;;;;;;;;;;;;;;;;;;;;;;;;;;;;;;;
Jałowiec;;;;;;;;;;;;;;;;;;;;;;;;;;;;;;;;;;;;;;;;
Kminek;;;;;;;;;;;;;;;;;;;;;;;;;;;;;;;;;;;;;;;;
Kolendra;;;;;;;;;;;;;;;;;;;;;;;;;;;;;;;;;;;;;;;;
Koper;;;;;;;;;;;;;;;;;;;;;;;;;;;;;;;;;;;;;;;;
Kurkuma;;;;;;;;;;;;;;;;;;;;;;;;;;;;;;;;;;;;;;;;
Liście laurowe;;;;;;;;;;;;;;;;;;;;;;;;;;;;;;;;;;;;;;;;
Lubczyk;;;;;;;;;;;;;;;;;;;;;;;;;;;;;;;;;;;;;;;;
Macierzanka;;;;;;;;;;;;;;;;;;;;;;;;;;;;;;;;;;;;;;;;
Majeranek;;;;;;;;;;;;;;;;;;;;;;;;;;;;;;;;;;;;;;;;
Melisa;;;;;;;;;;;;;;;;;;;;;;;;;;;;;;;;;;;;;;;;
Mięta;;;;;;;;;;;;;;;;;;;;;;;;;;;;;;;;;;;;;;;;
Natka pietruszki;;;;;;;;;;;;;;;;;;;;;;;;;;;;;;;;;;;;;;;;
Oregano;;;;;;;;;;;;;;;;;;;;;;;;;;;;;;;;;;;;;;;;
Pieprz;;;;;;;;;;;;;;;;;;;;;;;;;;;;;;;;;;;;;;;;
Pieprz;;;;;;;;;;;;;;;;;;;;;;;;;;;;;;;;;;;;;;;;
Rozmaryn;;;;;;;;;;;;;;;;;;;;;;;;;;;;;;;;;;;;;;;;
Rzeżucha;;;;;;;;;;;;;;;;;;;;;;;;;;;;;;;;;;;;;;;;
Sól;;;;;;;;;;;;;;;;;;;;;;;;;;;;;;;;;;;;;;;;
Szafran;;;;;;;;;;;;;;;;;;;;;;;;;;;;;;;;;;;;;;;;
Szałwia;;;;;;;;;;;;;;;;;;;;;;;;;;;;;;;;;;;;;;;;
Szczypiorek;;;;;;;;;;;;;;;;;;;;;;;;;;;;;;;;;;;;;;;;
Tymianek;;;;;;;;;;;;;;;;;;;;;;;;;;;;;;;;;;;;;;;;
Ziele angielskie;;;;;;;;;;;;;;;;;;;;;;;;;;;;;;;;;;;;;;;;
KTG;ZWIERZĘTA;;;;;;;;;;;;;;;;;;;;;;;;;;;;;;;;;;;;;;;
SUBKTG;BOJOWE;;;;;;;;;;;;;;;;;;;;;;;;;;;;;;;;;;;;;;;
Dziki tygrys;;;;;;;;;;;;;;;;;;;;;;;;;;;;;;;;;;;;;;;;
Słoń bojowy;;;;;;;;;;;;;;;;;;;;;;;;;;;;;;;;;;;;;;;;
Pies myśliwski;;;;;;;;;;;;;;;;;;;;;;;;;;;;;;;;;;;;;;;;
Dzik bojowy;;;;;;;;;;;;;;;;;;;;;;;;;;;;;;;;;;;;;;;;
Dzik myśliwski;;;;;;;;;;;;;;;;;;;;;;;;;;;;;;;;;;;;;;;;
SUBKTG;EGZOTYCZNE;;;;;;;;;;;;;;;;;;;;;;;;;;;;;;;;;;;;;;;
Hiena;;;;60;3;0;;;;;;;;;;;;;;;;;;;;;;;;;;;;;;;;;;
Jadowity pająk;;;;500;3;0;;;;;;;;;;;;;;;;;;;;;;;;;;;;;;;;;;
Kangur;;;;150;3;0;;;;;;;;;;;;;;;;;;;;;;;;;;;;;;;;;;
Koala;;;;60;3;0;;;;;;;;;;;;;;;;;;;;;;;;;;;;;;;;;;
Krokodyl;;;;350;3;0;;;;;;;;;;;;;;;;;;;;;;;;;;;;;;;;;;
Małpa;;;;150;3;0;;;;;;;;;;;;;;;;;;;;;;;;;;;;;;;;;;
Nosorożec;;;;1200;4;0;;;;;;;;;;;;;;;;;;;;;;;;;;;;;;;;;;
Pająk goliat;;;;150;3;0;;;;;;;;;;;;;;;;;;;;;;;;;;;;;;;;;;
Pająk ptasznik;;;;50;3;0;;;;;;;;;;;;;;;;;;;;;;;;;;;;;;;;;;
Panda;;;;300;3;0;;;;;;;;;;;;;;;;;;;;;;;;;;;;;;;;;;
Papuga;;;;40;2;0;;;;;;;;;;;;;;;;;;;;;;;;;;;;;;;;;;
Wąż;;;;30;2;0;;;;;;;;;;;;;;;;;;;;;;;;;;;;;;;;;;
Żółw;;;;100;2;0;;;;;;;;;;;;;;;;;;;;;;;;;;;;;;;;;;
SUBKTG;DOMOWE I HODOWLANE;;;;;;;;;;;;;;;;;;;;;;;;;;;;;;;;;;;;;;;
Barany;;;;150;2;7;;;;;;;;;;;;;;;;;;;;;;;;;;;;;;;;;;
Bażanty;;;;24;1;30;;;;;;;;;;;;;;;;;;;;;;;;;;;;;;;;;;
Byki;;;;400;2;3;;;;;;;;;;;;;;;;;;;;;;;;;;;;;;;;;;
Gęsi;;;;25;1;25;;;;;;;;;;;;;;;;;;;;;;;;;;;;;;;;;;
Gołębie;;;;15;1;20;;;;;;;;;;;;;;;;;;;;;;;;;;;;;;;;;;
Gronostaje;;;;10;1;30;;;;;;;;;;;;;;;;;;;;;;;;;;;;;;;;;;
Indyki;;;;25;1;15;;;;;;;;;;;;;;;;;;;;;;;;;;;;;;;;;;
Kaczki;;;;25;1;30;;;;;;;;;;;;;;;;;;;;;;;;;;;;;;;;;;
Koguty;;;;35;2;10;;;;;;;;;;;;;;;;;;;;;;;;;;;;;;;;;;
Koń;;;;80;1;0;;;;;;;;;;;;;;;;;;;;;;;;;;;;;;;;;;
Kot domowy;;;;20;1;0;;;;;;;;;;;;;;;;;;;;;;;;;;;;;;;;;;
Kozy;;;;120;1;15;;;;;;;;;;;;;;;;;;;;;;;;;;;;;;;;;;
Krowy;;;;250;1;7;;;;;;;;;;;;;;;;;;;;;;;;;;;;;;;;;;
Króliki;;;;25;1;50;;;;;;;;;;;;;;;;;;;;;;;;;;;;;;;;;;
Kury;;;;22;1;30;;;;;;;;;;;;;;;;;;;;;;;;;;;;;;;;;;
Lisy;;;;40;2;10;;;;;;;;;;;;;;;;;;;;;;;;;;;;;;;;;;
Norki;;;;8;1;30;;;;;;;;;;;;;;;;;;;;;;;;;;;;;;;;;;
Owce;;;;100;1;15;;;;;;;;;;;;;;;;;;;;;;;;;;;;;;;;;;
Perliczki;;;;25;1;20;;;;;;;;;;;;;;;;;;;;;;;;;;;;;;;;;;
Pies domowy;;;;30;1;0;;;;;;;;;;;;;;;;;;;;;;;;;;;;;;;;;;
Pies pasterski;;;;150;1;0;;;;;;;;;;;;;;;;;;;;;;;;;;;;;;;;;;
Piżmaki;;;;12;1;20;;;;;;;;;;;;;;;;;;;;;;;;;;;;;;;;;;
Przepiórki;;;;20;1;30;;;;;;;;;;;;;;;;;;;;;;;;;;;;;;;;;;
Strusie;;;;400;3;5;;;;;;;;;;;;;;;;;;;;;;;;;;;;;;;;;;
Świnie;;;;200;1;15;;;;;;;;;;;;;;;;;;;;;;;;;;;;;;;;;;
Tchórzofretki;;;;8;1;30;;;;;;;;;;;;;;;;;;;;;;;;;;;;;;;;;;
SUBKTG;POCIĄGOWO-JUCZNE;;;;;;;;;;;;;;;;;;;;;;;;;;;;;;;;;;;;;;;
Bawół;;;;;;;;;;;;;;;;;;;;;;;;;;;;;;;;;;;;;;;;
Koń;;;;;;;;;;;;;;;;;;;;;;;;;;;;;;;;;;;;;;;;
Lama;;;;;;;;;;;;;;;;;;;;;;;;;;;;;;;;;;;;;;;;
Muł;;;;;;;;;;;;;;;;;;;;;;;;;;;;;;;;;;;;;;;;
Osioł;;;;;;;;;;;;;;;;;;;;;;;;;;;;;;;;;;;;;;;;
Pies zaprzęgowy;;;;;;;;;;;;;;;;;;;;;;;;;;;;;;;;;;;;;;;;
Renifer;;;;;;;;;;;;;;;;;;;;;;;;;;;;;;;;;;;;;;;;
Słoń;;;;;;;;;;;;;;;;;;;;;;;;;;;;;;;;;;;;;;;;
Wielbłąd;;;;;;;;;;;;;;;;;;;;;;;;;;;;;;;;;;;;;;;;
SUBKTG;INNE;;;;;;;;;;;;;;;;;;;;;;;;;;;;;;;;;;;;;;;
Zbroja dla konia;;;;;;;;;;;;;;;;;;;;;;;;;;;;;;;;;;;;;;;;
Podkowy;;;;;;;;;;;;;;;;;;;;;;;;;;;;;;;;;;;;;;;;
Podkowy z rakami;;;;;;;;;;;;;;;;;;;;;;;;;;;;;;;;;;;;;;;;