DATA,1,ZŁ,,,
KTG,PODSTAWOWE ARTYKUŁY,,,,
SUBKTG,podkategria,,1,2,3
Atrament,Buteleczka 10ml. Atramentu.,5,4,7,8
Bardon,Instrument muzyczny podobny do liry i lutni.,140,5,2,6
Barwniki kreślarskie,Mała puszka - 10 ml.,15,6,1,1
Beczułka,"5l, drewniana, z odkrywanym deczkiem.",15,1,2,0
Bęben,"Mały rozmiar, średniej jakości robota.",30,4,1,0
Bicz,"Patrz: bat, kańczug.",10,4,0,-2
Bukłak,"Półtora litra. Skórzany, zatykany korkiem.",24,4,0,-3
Chorągiew,"W trzech dostępnych kolorach; biała, pomarańczowa i czerwona.",5,5,-1,-4
Cytra,"Mały rozmiar, średniej jakości robota.",40,5,-1,-6
Donica,"Gliniana, zdobiona i malowana, ok 4l.",18,5,-2,-7
Drabina,"5m, drewniana, udźwig 1t.",80,5,-3,-8
Dzban,"Zdobiony, 3litry, doskonały kształt i wykonanie, gliniany.",60,5,-3,-9
Fajka,"Zwykła, gliniana",7,6,-4,-11
Flaga,"W zależności od wykonania i wielkości; 1S mała, 5S średnia, 1Z, 5S duża",,6,-4,-12
Flecik,"Mały rozmiar, średniej jakości robota.",12,6,-5,-13
Fletnia,"Mały rozmiar, średniej jakości robota.",18,6,-6,-15
Garnek,"3 litry, gliniany.",14,6,-6,-16
Gęsie pióro,Zaostrzone do pisania.,2,7,-7,-17
Gwóźdź (Paczka 10),"10cm., +1 do zadawanych obrażeń.",2,7,-7,-19
Haczyk,"Na ryby, żelazny.","0,4",7,-8,-20
Harfa,"Mały rozmiar, średniej jakości robota.",30,7,-9,-21
Hubka,Na 10 razy.,4,7,-9,-22
Igła,,"0,4",8,-10,-24
Juki,"60litrów, 200 kg, 3000 monet.",500,8,-10,-25
Kadzidło,(Żywiczne) Na 6 godzin.,5,8,-11,-26
Kadzielnica,Mała.,10,8,-12,-28
Kadź,"Drewniane: 50l - 4S, 150l - 2Z, 500l - 5Z, 1000l - 9,5Z Żelazne: Cena razy 2,5x. ",,8,-12,-29
Kilof,Żelazny.,16,9,-13,-30
Klepsydra,Półgodzinna.,16,9,-13,-32
Kłódka dobra,"Stalowa, nowy wytop, nowy mechanizm.",80,9,-14,-33
Kłódka kiepska,Prawdopodobnie przedkatastroficzna.,15,9,-15,-34
Koc wełniany,"Niewielki, ciepły koc",50,9,-15,-35
Koc wojłokowy,"Niewielki, ciepły koc",30,10,-16,-37
Kołdra,Kołdra pierzowa,15,10,-16,-38
Kołki do wspinaczki,"Dobre drewno z niewielkimi okuciami i metalowym wnętrzem, obwiązane rzemieniami.",10,10,-17,-39
Korzeń mydelnicy,"Można użyć jak mydło, lecz głównie ozdobna",7,10,-18,-41
Kosa,Kosa do traw.,60,10,-18,-42
Kosz,"Pleciony, 20 litrów",15,11,-19,-43
Kowadło,"80 cm. wys., 200kg.",1200,11,-19,-45
Kreda,"Do pisania, 1/10 kg.","0,4",11,-20,-46
Krzesiwo,,5,11,-21,-47
Książka,"Zwykła, pergaminowa, w grubej skórzanej okładce z okuciami.",1,11,-21,-48
Latarnia,"10-20m. promienia, czas zależy od oliwy (max. 6h, czyli 1 porcja)",160,12,-22,-50
Lina jedwabna,"10 m, 1,5 cm. śr., 200 kg. wytrzymałości. Lina waży 4 kg.",120,12,-22,-51
Lina konopna cienka,"10 m, 1,5 cm. śr., 130 kg. wytrzymałości. Lina waży 4 kg.",100,12,-23,-52
Lina konopna gruba,"10 m, 3cm. śr., 450kg. wytrzymałości. Lina waży 12 kg.",480,12,-24,-54
Linka jedwabna,"10 m, 0,5cm. śr., 90kg. wytrzymałości. Linka waży 1,5 kg.",80,12,-24,-55
Linka konopna,"10 m, 0,5cm. śr., 50kg. wytrzymałości. Linka waży 1,5 kg.",50,13,-25,-56
Lira,"Mały rozmiar, średniej jakości robota.",900,13,-25,-58
Lutnia,"Mały rozmiar, średniej jakości robota.",200,13,-26,-59
Łom,"Kawałek metalowego, zakrzywionego na końca drąga, bardzo wytrzymały.",20,13,-27,-60
Łopata,,40,13,-27,-61
Łuczywo,K1awałek smolnego drzewa do oświetlania.,3,14,-28,-63
Łyżka,,1,14,-28,-64
Mały nożyk,,1,14,-29,-65
Manierka,Pół litra,10,14,-30,-67
Manierka,Jeden litr.,16,14,-30,-68
Mapa gwiazd,Wymaga zaawansowanych zdolności nawigacyjnych. Działa również na morzu.,400,15,-31,-69
Mapa terenu,Duża skala. Dosyć drobne detale; pergamin; rozmiar: ponad metr kwadratowy.,500,15,-31,-71
Mieszek,Wysadzanie diamentami +5Z; Nieprzemakalna skóra +5S; Upgrade maga +10Z - Lok. Lub zabez.,20,15,-32,-72
Miotła,,10,15,-33,-73
Miska,,7,15,-33,-74
Młot,"Mały rozmiar, średniej jakości robota. Kowalski +2S; Jakość +5M",24,16,-34,-76
Nafta do lamp,"Specjalna oliwa do lampy, pali się dłużej (8h). ",6,16,-34,-77
Narzuta na konia,"Specjalna narzuta na konia. Ocieplana +1,2S; Dowolny kamuflaż +1Z.",150,16,-35,-78
Nici,,"0,2",16,-36,-80
Nożyce,"Służą do cięcia, np. materiału. Do cięcia metalu +1S.",5,16,-36,-81
Nóż,Dosyć długi. Niektórymi można skutecznie rzucać.,2,17,-37,-82
Obcęgi,"50cm. dł. kowalskie, średniej jakości robota. Jakość +4M.",30,17,-37,-84
Olejek pachnący,"Popularny rodzaj. Jeden mały flakonik, można użyć ok. 100 razy.",45,17,-38,-85
Oliwa,100ml. W lampie pali się 6h.,6,17,-39,-86
Osełka,Niewielka.,2,17,-39,-87
Ostrogi,Można je przymocować tylko do butów jeździeckich. Zwiększają sterowność wytrenowanym koniem.,30,18,-40,-89
Perfumy,"Dosyć dobre. Mały flakonik, można użyć ok. 100 razy.",160,18,-40,-90
Pergamin,1 kartka,"0,75",18,-41,-91
Pochodnia,"5h, 10m. Oświetlenia",6,18,-42,-93
Popielniczka,Miedziana.,40,18,-42,-94
Pościel,"Prześcieradło, i poduszka z pierzyną z gęsiego puchu.",60,19,-43,-95
Przybornik złodziejski,"Składają się nań różnego rodzaju wytrychy, pręty, drut, cążki, świder, pilniki.",200,19,-43,-97
Sito kuchenne,,4,19,-44,-98
Raki,Metalowe. Do wspinania się / chodzenia po lodzie.,80,19,-45,-99
Sagan,Trzy litry. Metalowy.,32,19,-45,-100
Sakwa,"Litr, 1/2kg, 50 monet.",12,20,-46,-102
Sakwojaż duży,Sakwa przymocowywana do siodła. 5 litrów.,30,20,-46,-103
Sakwojaż mały,Sakwa przymocowywana do siodła. 3 litry.,24,20,-47,-104
Sieć,"Z linek 0,3 cm śr., 100 kg. wytrzymałości. 1m2. 5cm2 oka.",40,20,-48,-106
Sieć rybacka,30m2. Upgrade magiiczny +10Z - Antymagiczna sieć.,250,20,-48,-107
Siekierka,Dobra do rąbania drewna. Średniej jakości robota. Jakość +5M.,40,21,-49,-108
Skrzynia (przenośna),"1m/pół m/pół m., drewniana z okuciami, 1tona max.",100,21,-49,-110
Spirytus,"1litr, łatwopalny.",60,21,-50,-111
Szczotka z kijem,Do podłogi,8,21,-51,-112
Sznurek,2m konopnego sznurka.,"0,5",21,-51,-113
Świeca jasnopaląca,"2,5 godziny, 5m promienia, łatwo zgasić.",5,22,-52,-115
Świeca z miarką,"Miarka podzielona jest na 12 kwadransów, te dalej na odstępy pięciominutowe. 3h all.",5,22,-52,-116
Świece długopalące,"7 godzin, 2,5m promienia w miarę dobrej widoczności, łatwo zgasić.","0,7",22,-53,-117
Świece wonne,"3 godziny, 3m promienia, łatwo zgasić.",1,22,-54,-119
Świeczka,"3 godziny, 3m promienia, łatwo zgasić.","0,5",22,-54,-120
Torba podróżna,"Skórzana. 70 litrów, wytrzymała, wygodna.",80,23,-55,-121
Trąbka,"Mały rozmiar, średniej jakości robota.",80,23,-55,-123
Tuba na mapy i zwoje,"Skórzana, 135 cm głębokości.",60,23,-56,-124
Waga kupiecka,Z kompletem dziesięciu odważników.,120,23,-57,-125
Wędka,"3m, drewniana, zwyczajna.",12,23,-57,-126
Węgiel do pisania,,"0,5",24,-58,-128
Wiadro,"5l, drewniane.",12,24,-58,-129
Widelec,,2,24,-59,-130
Widły,,16,24,-60,-132
Worek 1,"20 litrów, skórzany. Z boczną kieszenią.",20,24,-60,-133
Worek 2,"40 litrów, skórzany. Dwie kieszenie boczne.",40,25,-61,-134
Worek 3,"65 litrów, skórzany. Dwie kieszenie boczne.",60,25,-61,-136
Worek na wodę,"8 litrów. Skórzany, zatykany korkiem i wiązany.",25,25,-62,-137
Zgrzebło,Do czesania sierści zwierząt.,8,25,-63,-138
Żyłki,10 metrów ze spreparowanych jelit zwierzęcych.,4,25,-63,-139
Beczka,"100l, drewniana",80,26,-64,-141
KTG,BROŃ,,26,-64,-142
Berdysz,Szeroki topór o zakrzywionym ostrzu i długim drzewcu (do 2 m).,350,26,-65,-143
Kańczug,Bicz z plecionego rzemienia na krótkim kiju.,"2,7S",26,-66,-145
Buzdygan,,250,26,-66,-146
Cięciwa konopna,,6,27,-67,-147
Cięciwa z jelit,,12,27,-67,-149
Cięciwa z włosia,,24,27,-68,-150
Czekan,"Rodzaj jednostronnego, jednoręcznego toporka na długim trzonku, używanego do rozbijania zbroi.",120,27,-69,-151
Garota,"Kawałek nieelastycznego, wytrzymałego materiału, służący do duszenia; np. żyłka.",8,27,-69,-152
Garota specjalna,Szybsza i silniejsza od zwykłej garoty. Tnie nawet palce.,40,28,-70,-154
Gizarma,"Dwuręczna; przypomina szpikulec, często z jednym lub dwoma bocznymi kolcami.",250,28,-70,-155
Glewia,"Dwuręczna; zagięte ostrze na drzewcu, często z dodanym szpikulcem.",250,28,-71,-156
Drewniany grot,Nasadka na końce łuku do zaczepienia cięciwy. Zdobiony +1M,"0,8",28,-72,-158
Kościany grot,"Nasadka na końce łuku do zaczepienia cięciwy. Zdobiony +1,6M","1,6",28,-72,-159
Metalowy grot,Nasadka na końce łuku do zaczepienia cięciwy. Zdobiony +3M,4,29,-73,-160
Rogowy grot,Nasadka na końce łuku do zaczepienia cięciwy. Zdobiony +5M,6,29,-73,-162
Halabarda,"Długa broń dwuręczna, zakończona piką i jednostronnym ostrzem toporu. Ozdobna +4S.",400,29,-74,-163
Kiścień,Prymitywny morgenstern.,120,29,-75,-164
Kołczan,Na 20 strzał. Ozdobny +2S; Większa pojemność (10) +3S.,50,29,-75,-165
Koncerz,"Broń sieczna o długiej, prostej głowni przeznaczona do kłucia - nadaje się do walki konnej.",300,30,-76,-167
Kopia,"Ok. 4m. Tylko z konia, z rozpędu i na dystans. Ozdobna głownia +2Z.",1600,30,-76,-168
Korbacz,Inaczej harap (bicz z krótkim trzonkiem i długim rzemieniem).,4S,30,-77,-169
Krótka dzida,"Prosty, drewniany, zaostrzony kij.",50,30,-78,-171
Lanca,"Dwustronna włócznia, metalowa. Posrebrzana +7S; Ozdobna +7S; Przedłużona +4S.",600,30,-78,-172
Łuk długi I,Tylko długo sezonowane łuki cisowe. Nawet do 2m długości i do 600 m. zasięgu,1600,31,-79,-173
Łuk długi II,Tylko sezonowane łuki jesionowe i cisowe. Nawet do 2m długości i do 500 m. zasięgu.,800,31,-79,-175
Łuk długi III,"Łuki jesionowe, cisowe i z sezonowanej wiśni, wiązu. Nawet do 2m długości i do 500 m.",400,31,-80,-176
Łuk długi IV,"Z wiśni, wiązu, popularnych sprężystych drzew. Nawet do 2m długości i do 350 m.",200,31,-81,-177
Łuk długi V,Najsłabsze łuki: z drzewa gorszego niż wiśnia. Do 2m długości i do 200m.,100,31,-81,-178
Łuk krótki I,Tylko długo sezonowane łuki cisowe. 125m.,200,32,-82,-180
Łuk krótki II,Tylko sezonowane łuki jesionowe i cisowe. 100m.,100,32,-82,-181
Łuk krótki III,"Łuki jesionowe, cisowe i z sezonowanej wiśni, wiązu. Do 70m.",50,32,-83,-182
Łuk krótki IV,"Z wiśni, wiązu, popularnych sprężystych drzew. 35m",30,32,-84,-184
Łuk krótki V,Najsłabsze łuki: z drzewa gorszego niż wiśnia. 25m.,20,32,-84,-185
Łuk zwykły I,"Tylko długo sezonowane łuki cisowe. 1m 10cm długości, 300m zasięgu.",400,33,-85,-186
Łuk zwykły II,"Tylko sezonowane łuki jesionowe i cisowe. 1m 10cm długości, 200m zasięgu.",300,33,-85,-188
Łuk zwykły III,"Łuki jesionowe, cisowe i z sezonowanej wiśni, wiązu. 1m 10cm długości, 150m.",220,33,-86,-189
Łuk zwykły IV,"Z wiśni, wiązu, popularnych sprężystych drzew. 1m 10cm długości, 100m zasięgu.",150,33,-87,-190
Łuk zwykły V,"Najsłabsze łuki: z drzewa gorszego niż wiśnia. 1m 10cm długości, 70m. zasięgu.",70,33,-87,-191
Maczuga bojowa,"Ciężka, stalowa maczuga jednoręczna.",300,34,-88,-193
Maczuga dwuręczna,Ozdobna +4S; Pozłacana +8S; Posrebrzana +5S.,600,34,-88,-194
Maczuga krótka lub pałka,Ozdobna +2S.,80,34,-89,-195
Miecz (jednoręczny),Ozdobny +2S.,120,34,-90,-197
Miecz dwuręczny,Ozdobny +3S,240,34,-90,-198
Miecz krótki,Ozdobny +1S.,70,35,-91,-199
Miecz na półtorej ręki,Ozdobny +3S.,200,35,-91,-201
Miecz półtoraręczny,Ozdobny +3S.,300,35,-92,-202
Młot bojowy,Ozdobny +2S.,120,35,-93,-203
Młot bojowy dwuręczny,Ozdobny +3S.,240,35,-93,-204
Morgenstern,Ozdobny +4S.,400,36,-94,-206
Nóż,Ozdobny +2M.,20,36,-94,-207
Ochronka na palce,"Po krytycznej porażce i rzucie 1k6, niweluje porażkę na ""3"".",16,36,-95,-208
Oszczep,"Broń miotana, gorzej sprawdza się w walce bezpośredniej.",24,36,-96,-210
Pałasz,"Proste ostrze, skrzyżowanie miecza z szablą.",50,36,-96,-211
Pas do miecza,Skórzany. Ozdobny +1S; Z wyszytymi kieszonkami +2S; Zabarwiony +1S.,70,37,-97,-212
Pendent,Pas zakładany przez ramię do noszenia na nim broni białej.,100,37,-97,-214
Pika,Prosta włócznia.,40,37,-98,-215
Pochwa na miecz,Skóra i elementy metalowe. Utwardzenie (umożliwienie walki) +1S; Ozdobna +1S.,60,37,-99,-216
Pochwa na nóż,Skórzana. Dodatkowy miejsce na nóż +4M; Ozdobna +5M.,20,37,-99,-217
Proca,Z drewnianym uchwytem. Ozdobna +3M.,20,38,-100,-219
Smarowidło do cięciw,Nieduże puzderko z tłuszczem zwierzęcym. 10 x użyć. W wypadku k.porażki 4-6 niweluje.,20,38,-100,-220
Strzała długa,,8,38,-101,-221
Strzała krótka,,2,38,-102,-223
Strzała zwykła,,4,38,-102,-224
Szabla,,120,39,-103,-225
Sztylet,"Długi, wąski sztylet. Ozdobny +7M; Wysadzany diamentami +1Z.",40,39,-103,-227
Topór (jednoręczny),,60,39,-104,-228
Topór dwuręczny,,160,39,-105,-229
"Topór dwuręczny, dwustronny",,260,39,-105,-230
"Topór jednoręczny, dwustronny",,200,40,-106,-232
Trójząb bojowy,,300,40,-106,-233
Włócznia,,80,40,-107,-234
KTG,PANCERZE,,40,-108,-236
Brygantyna bez rękawów,Zbroja płytkowa nakładana na kolczugę.,400,40,-108,-237
Brygantyna cienka,Koszula łuskowa.,250,41,-109,-238
Brygantyna z rękawami,Zbroja płytkowa nakładana na kolczugę.,600,41,-109,-240
Buty,,20,41,-110,-241
Buty stalowe,Element zbroi rycerskiej.,150,41,-111,-242
Fartuch stalowy,"Zasłania dolną część brzucha, pod napierśnikiem. 1-3 na tułowiu: chroni przed pchnięciami i strzałami.",120,41,-111,-243
Folgi,Stalowe buty do jazdy konno w zbroi.  Nie da się w nich normalnie chodzić.,250,42,-112,-245
Hełm brygantynowy,,300,42,-112,-246
Hełm kolczy z osłoną szyi,,400,42,-113,-247
Hełm skórzany utwardzany,,120,42,-114,-249
Hełm skórzany z elementami metalu,,150,42,-114,-250
Hełm żelazny,"Ma otwory oddechowe, obojczyk, grzebień, nos, podbródek.",300,43,-115,-251
Hełm żelazny 1,"Przykrywa tylko górną część czaszki, utrzymuje się na wypustach za i przed uszy.",200,43,-115,-253
Hełm żelazny 2,"Z wypustem na czole, z tyłu aż do szyi.",150,43,-116,-254
Hełm żelazny z siatką,Ma osłonę nosa i kości policzkowych.,250,43,-117,-255
Kamizelka kevlarowa,"Stara kamizelka kuloodporna. Obrażenia każdego pocisku zredukowane do 0,5.",5000,43,-117,-256
Kaftan kolczy z rękawami,Kółkowa.,120,44,-118,-258
Koszulka kolcza,"Cienka (ale watowana), bez rękawów.",120,44,-118,-259
Koszulka łuskowa bez rękawów,"Cienka brygantyna, łuskowa, dobre wykonanie.",400,44,-119,-260
Koszulka łuskowa z rękawami,"Cienka brygantyna, łuskowa, dobre wykonanie.",500,44,-120,-262
Nagolennik,,120,44,-120,-263
Nakolannik,,120,45,-121,-264
Nałokcica,Osłania łokieć.,120,45,-121,-266
Napierśnik 1,"Mały, niezasłaniający górnej części brzucha.",350,45,-122,-267
Napierśnik 2,"Duży, do pełnej zbroi, zasłaniający górną część brzucha.",450,45,-123,-268
Naplecznik 1,"Skórzany, utwardzany.",200,45,-123,-269
Naplecznik 2,"Metalowy, ze skórzanym podbiciem.",250,46,-124,-271
Naramiennik,,150,46,-124,-272
Naramiennik skórzany,,75,46,-125,-273
Opracha,Osłania biceps.,75,46,-126,-275
Pawęż,"Tarcza prostokątna, szeroka na 60, wysoka na 150 cm. Drewniana i okuta metalem.",100,46,-126,-276
Pełna zbroja płytowa i hełm,Tylko na zamówienie (musi być dopasowana do rozmiarów noszącego).,12000,47,-127,-277
Puklerz,"Okrągła, wypukła tarcza używana przez jazdę. 30 cm średnicy; metalowa; O +1; 2kg.",170,47,-127,-279
Rękawice skórzane,,50,47,-128,-280
Rękawice stalowe,,150,47,-129,-281
Skórzana kurta,"Jeleń, bez kaptura.",60,47,-129,-282
Spodnie łuskowe,"Ze zbroi łuskowej na miękkim podbiciu. W, Sz: -1. pp 4.",400,48,-130,-284
Szyszak,"Spiczasty hełm, często zakończony buńczukiem - pękiem włosia. ",220,48,-130,-285
Tarcza 1,"Niewielka zasłona przymocowywana do ręki, zwykle okrągła lub podłużna, metalowa.",90,48,-131,-286
Tarcza 2,"Żelazna, okrągła, 60 cm średnicy.",360,48,-132,-288
Tarcza 3,Kształtem przypomina trójkąt o 70 cm wysokości i 60 szerokości. Metalowa.,360,48,-132,-289
Tarcza 4,"Drewno i okucia żelazne, okrągła; 100 cm średnicy.",160,49,-133,-290
Tarcza 5,Kształtem przypomina długi trójkąt: 110 cm wysokości; 60 szerokości. Metalowa.,450,49,-133,-292
Tarcza 6,"Tarcza wieżowa, drewno okute metalem. 130 cm wysokości; 50 szerokości.",350,49,-134,-293
Tarcza 7,Metalowa tarcza wieżowa. 150 cm wysokości; 50 cm szerokości.,800,49,-135,-294
Taszka,Stalowy zwis osłaniający pachwinę i górną część uda.,80,49,-135,-295
Udo - dodat. ochrona,,80,50,-136,-297
Zarękawica metalowa,Osłania część przedramienia niezakrytą przez rękawicę.,120,50,-136,-298
Zarękawice skórzane,Mogą służyć jako osłona przed szponami ptaków łownych.,40,50,-137,-299
Zbroja dla konia,Wraz z uprzężą i specjalnym siodłem.,4000,50,-138,-301
KTG,TRANSPORT,,50,-138,-302
Bosak,"3,5m, służy do przyciągania łodzi.",50,51,-139,-303
Chomąto,Drewniany kabłąk o miękkim podszyciu wkładany na szyję zwierząt pociągowych.,60,51,-139,-305
Czerpak,"3 litry, drewniany",10,51,-140,-306
Derka,"Gruby, włochaty koc używany pod siodło lub po prostu dla ocieplenia konia.",35,51,-141,-307
"Drzewce, np. bom.","Za 1m długości, okute żelazem, cena w przybliżeniu",2,51,-141,-308
Dyszel,(Drąg umocowany z przedniej strony wozu). Na cztery konie.,30,52,-142,-310
"Dżonka, kanoe","Zwykle z wypalonego pnia lub z kory; lekka, b. płytkie zanurzenie; używana na bagnach.",320,52,-142,-311
Jarzmo,"Ciężka, drewniana rama zakładana na karki bydła roboczego.",100,52,-143,-312
Juki,"60litrów, 200 kg, 3000 monet. Porządne, skórzane juki. Ukryta kieszeń +3S.",500,52,-144,-314
Kantar,"Skórzana lub parciana (tu skórzana) uzda bez wędzidła, z kółkiem do założenia łańcucha.",16,52,-144,-315
Kareta,"Kryta, z podwójnymi drzwiczkami i okienkami, zdobiona. 1,2 lub 3 tonowa.",2500,53,-145,-316
Koło do wozu,Okute drewno.,16,53,-145,-318
Kotwica,"Bez liny kotwicznej, 200kg. ciężaru.",80,53,-146,-319
Kulbaka,"Siodło wojskowe. Rodzaj siodła krytego skórą, zwykle o wysokim łęku.",,53,-147,-320
Łódź wiosłowa,"2,5 m długości, 2 t udźwigu, miejsce na 2 wiosła. Prędkość: ok 5 km/h. Popularna.",2000,53,-147,-321
Łódź żaglowo-wiosłowa,"9,5 m dł.; 20t; 5 os. załogi (11 jeśli z wiosłami); kilka pomieszczeń. Dwa maszty.",20000,54,-148,-323
Maszt,"10 metrów, drewniany z okuciami stalowymi.",3000,54,-148,-324
Obijak,"Do ochrony burt statku, łodzi (ze szmat).",120,54,-149,-325
Ostrogi,"Coś, czego konie nie lubią. Można je przymocować tylko do butów jeździeckich.",20,54,-150,-327
Oś do wozu,Okute drewno.,30,54,-150,-328
Podkowy (z podkuciem),Cena za komplet.,60,55,-151,-329
Sanie,"100kg-1t. nośności, tu sanie 3m. dł., 1t. , odkryte, zwykłe, dla psów.",200,55,-151,-331
Siodło do jazdy,"Z popręgami, puśliskami, strzemionami. Typ męski.",150,55,-152,-332
Siodło juczne,,200,55,-153,-333
Uprząż dla konia,"Bez siodła i derki (uzda, wędzidło, wodze, strzemiona, puśliska, popręgi). Skórzane.",140,55,-153,-334
Uprząż dla zwierząt,Z chomątem. 1 zwierzę.,160,56,-154,-336
Uprząż do wozu,"Lejce, bicz.",30,56,-154,-337
"Wędzidło, uzda i wodze",Skórzane.,40,56,-155,-338
Wiosło,"2 metry, drewniane, jednostronne.",16,56,-156,-340
Worek,"Dwadzieścia litrów, 50 kg, 1000 monet.",8,56,-156,-341
Wóz do drewna,"Wóz do drewna, bez tylnej ściany i z obniżonymi bokami. 5, 6, 7 ton. 2, 4 lub 6 koni.",2000,57,-157,-342
Wóz kryty duży,"Wóz osadniczy lub towarowy, duży, kryty łukowatą plandeką. Może służyć za mieszkanie.",4000,57,-157,-344
Wóz kryty mały,"Mały wóz przykryty łukowatą plandeką. 2 lub 3 tonowy. 1, 2 lub 4 konie.",2000,57,-158,-345
Wóz mały,"Mały wóz z łukowym tyłem. Cztery koła. 2t. 1, 2 lub 4 konie. (śr. v =7km/h, max. 15).",1200,57,-159,-346
Wóz typowy,"Typowy, prostokątny wóz (3, 4 lub 5-tonowy). 1, 2 lub 4 konie.",1600,57,-159,-347
Wózek,"Cztery koła, dyszel na 2 konie, 1t. (śr. v =6km/h, max. 15)",500,58,-160,-349
Zbroja dla konia,Wraz z uprzężą i specjalnym siodłem.,6000,58,-160,-350
Żagiel,"Za 1m. kwadratowy uszytego żagla z dobrego płótna, cienkiego.",30,58,-161,-351
KTG,Budowlane,,58,-162,-353
Balia kąpielowa,,,58,-162,-354
Barbakan,Czas bud. przez 10 robotników w dniach: 1400. 10m wys. (2 kondygn.).,,59,-163,-355
Bastion,Czas bud. przez 10 robotników w dniach: 630. 10m wys. (4 kondygn.).,,59,-163,-357
Brama drewniana,Czas bud. przez 10 robotników w dniach: 11. 3m. wys./ 3szer./0.15gr.,,59,-164,-358
Brama żelazna,Czas bud. przez 10 robotników w dniach: 155. 3m. wys./ 3szer./0.05gr.,,59,-165,-359
"Budynek 1 piętro, drewniany",Czas bud. przez 10 robotników w dniach: 28. 300m.2,,59,-165,-360
"Budynek 1 piętro, kamienny",Czas bud. przez 10 robotników w dniach: 90. 300m.2,,60,-166,-362
Budynek parterowy drewniany,Czas bud. przez 10 robotników w dniach: 10. 120m.2,,60,-166,-363
Budynek parterowy kamienny,Czas bud. przez 10 robotników w dniach: 42. 120m.2,,60,-167,-364
Dach,10 robotników robi przez 12 dni. Szerokie gonty. 10m. 2,,60,-168,-366
Drzwi drewniane,Czas bud. przez 10 robotników w dniach: 2. 2m. wys./ 1.2szer./ 0.05gr.,,60,-168,-367
Drzwi żelazne,Czas bud. przez 10 robotników w dniach: 20. 2m. wys./ 1.2szer./ 0.01gr.,,61,-169,-368
Dywan,"Ozdobny, o długim, gęstym włosiu i wypukłym wzorze. 6m2.",,61,-169,-370
Firany,Dość ozdobne. 6m2.,,61,-170,-371
Fosa (lub suchy rów),Czas bud. przez 10 robotników w dniach: 8. 30 m. dł./ 3szer./3gł.,,61,-171,-372
Komin kamienny,10m wys./1m. dł./ 1m gr. 10 robotników robi przez 20dni.,,61,-171,-373
Komoda,Patrz: Szafa.,,62,-172,-375
Kotary,"Ciemne, spuszczane, ozdobne. 6m2.",,62,-172,-376
Krzesło,"1 osoba, drewniane, zwykłe.",,62,-173,-377
Łóżko,"1os, drewniane, z sianem.",,62,-174,-379
Mechanizm otwierający bramę,Czas bud. przez 10 robotników w dniach: 1.,,62,-174,-380
Most drewniany,Czas bud. przez 10 robotników w dniach: 4. 3 m. dł./ 3szer./3wys.,,63,-175,-381
Most kamienny,Czas bud. przez 10 robotników w dniach: 22. 3 m. dł./ 3szer./3wys.,,63,-175,-383
Most zwodzony,Czas bud. przez 10 robotników w dniach: 28. 6 m. dł./ 3szer./ 0.2gr.,,63,-176,-384
Mur obronny,Czas bud. przez 10 robotników w dniach: 21. 3 m. dł./ 3gr./ 5wys.,,63,-177,-385
Okiennice,"Czas bud. przez 10 robotników w dniach: 2. 1,5m. szer./ 1,5m. wys.",,63,-177,-386
Palisada,Czas bud. przez 10 robotników w dniach: 1. 3 m. dł./ 0.1gr./ 5wys.,,64,-178,-388
Piec,3m wys./ 3m. dł./ 1.5m gr. 10 robotników robi przez 4 dni.,,64,-178,-389
Piec kuchenny,Gliniany z metalową blachą i zapieckiem.,,64,-179,-390
Rów (suchy),Patrz: Fosa.,,64,-180,-392
Schody,Czas bud. przez 10 robotników w dniach: 3. 3 m. wys./ 1szer.,,64,-180,-393
Stojak na książki,Z miejscem na pióro i kałamarz.,,65,-181,-394
Stół,"2m2, drewniany, zwykły.",,65,-181,-396
Studnia,"Kamienna, z żurawiem, 10m. gł./3/3, czas rob. przez 10 robotników: 62.",,65,-182,-397
Szafa,"1m/2m/1m, drewniana",,65,-183,-398
Szafka,"1m/1m/75cm, drewniana, z półeczką w środku.",,65,-183,-399
Tunel,Czas bud. przez 10 robotników w dniach: 54. 10 m. dł./ 3szer./ 3 wys..,,66,-184,-401
Wieża (kamienna),Czas bud. przez 10 robotn. w dniach: 500. 15m. śr./ 8wys (2 kondyg.),,66,-184,-402
Żłób,"3m dł./0.5m szer. i wys., drewniany.",,66,-185,-403
Podpiwniczenie,Czas bud. Przez 1 robotników w dniach: 1. 1 m. dł./ 1szer./2wys. - bez podpór.,250,66,-186,-405
Podpory,Czas bud. Przez 2 robotników: 2. 2m wys. Ściany trzymające strop w podpiwniczeniu.,400,66,-186,-406
Filary,Trzech robotników przez 1 dzień. 2m wys. Zawsze kamienny. +1ZK kamienny.,400,67,-187,-407
Podłoga nad piwn.,3m dł./3m szer/ pod drewniane pokrycie 1 robotników w 4 dni. +5ZK i 10x dni kam.,600,67,-187,-409
Podłoga zwykła.,3m dł./3m szer. 1 robotnik w dwa dni. +1ZK i 3x czas kamienne.,200,67,-188,-410
Ściana kamienna,1m dł./2m wys. 4 robotników w 1 dzień. (sama zaprawa: worek na ścianę - 1S 5M,400,67,-189,-411
Ściana drewniana,1m dł./2m wys. 1 robotników w 1 dzień.,40,67,-189,-412
KTG,Materiały,,68,-190,-414
Aksamit,1 metr kwadratowy.,,68,-190,-415
Bawełna (płótno),1 metr kwadratowy.,,68,-191,-416
Brokat 1,"Gruba, ciężka tkanina jedw./półjedw. poprzetykana sr. nicią; ma wypukłe wzory. 1m2",,68,-192,-418
Brokat 2,"Gruba, ciężka tkanina jedw./półjedw. poprzetykana zł. nicią; ma wypukłe wzory. 1m2",,68,-192,-419
Brosza,Ozdobna.,,69,-193,-420
Buty 1,1pp.,,69,-193,-422
Buty 2,2pp.,,69,-194,-423
Buty z cholewkami do jazdy,2pp.,,69,-195,-424
Buty z cholewkami miękkie,1pp.,,69,-195,-425
Chusta,"Dosyć duża, kolorowa, z bawełny. Można nosić na głowie.",,70,-196,-427
Czapka,"Z wypraw. sk. zająca, ciepła, na uszy. +1 prot. Patrz też: Kapelusz, Nakrycie głowy.",,70,-196,-428
Futro 1,"1m kwadr., skaggerrak. +1 KON w nocy, gdy zimno, ciepłe.",,70,-197,-429
Futro 2,"1m kwadr., lis, +1 KON w nocy, gdy jest zimno, b. ciepłe.",,70,-198,-431
Giezło,"(Luźna koszula kobieca z cienkiego płótna, często z haftem)",,70,-198,-432
Jedwab,"1m2., niezabarwione, ale dobra robota.",,71,-199,-433
Juta (płótno),"1m2., niezabarwione, ale dobra robota.",,71,-199,-435
Kaftan długi,,,71,-200,-436
Kaftan jedwabny,,,71,-201,-437
Kamizela,Bez ozdób.,,71,-201,-438
Kapelusz,0 pp.,,72,-202,-440
Konopie (płótno),"1m2., niezabarwione, ale dobra robota.",,72,-202,-441
Koszula,Zwykła,,72,-203,-442
Len (płótno),1 metr kwadratowy.,,72,-204,-444
Medalion,"Srebrny, na srebrnym łańcuszku, otwierany.",,72,-204,-445
Muślin,"Lekka, cienka tkanina jedw. (rzadko wełn.); 1m2.; dobra robota.",,73,-205,-446
Nakrycie głowy,"Ze złotego brokatu, bogato zdob. Wyszywane, z 4-ma małymi perełkami.",,73,-205,-448
Onuce,"Para ciepłych, grubych skarpet.",,73,-206,-449
Opaska na czoło,Haftowana szmatka bawełniana.,,73,-207,-450
Ostrogi,"Coś, czego konie Nie lubią. Można je przymocować tylko do butów jeździeckich.",,73,-207,-451
Part,Grube płótno konopne lub lniane (przymiotnik: parciany; zgrzebny). 1m2.,,74,-208,-453
Pas,Skórzany.,,74,-208,-454
Pendent,Pas zakładany przez ramię do noszenia na nim broni bialej.,,74,-209,-455
Pierścień srebrny,Bez kamienia.,,74,-210,-457
Pierścień złoty,Bez kamienia.,,74,-210,-458
Płaszcz,,,75,-211,-459
Płaszcz z dobrego futra,,,75,-211,-461
Płaszcz z dobrej tkaniny,,,75,-212,-462
Pończochy,,,75,-213,-463
Rękawice skórzane,1pp.,,75,-213,-464
Sandały,,,76,-214,-466
Skóra,"Zajęcza, wyprawiona. 1m2.",,76,-214,-467
Skóra Kritha,"1 metr kwadratowy, zielona lub brązowa, 1 pp.",,76,-215,-468
Skórzana kurta,"1 pp., jeleń, bez kaptura.",,76,-216,-470
Spinka,Zwykła.,,76,-216,-471
Spodnie,Zwykłe.,,77,-217,-472
Srebrna lama,"Tkanina o osnowie jedwabnej i wątku z nici srebrnej. 1m2, bez wzorów.",,77,-217,-474
Suknia zwykła,,,77,-218,-475
Szal,"Ciepły, wełniany.",,77,-219,-476
Szarfa 1,"Jedwabna, z wzorem.",,77,-219,-477
Szarfa 2,"Szeroka, wysadzana 20-ma małymi szmaragdami i szafirami, bogato haft. Ze złotogłowiu.",,78,-220,-479
Szata zdobiona,,,78,-220,-480
Szata zwykła,,,78,-221,-481
Tanie świecidełka,"Wisiorki, Naszyjniki, obrączki.",,78,-222,-483
Tunika na zbroję,,,78,-222,-484
Ubranie,Osoby bogatszej.,,79,-223,-485
Ubranie (całe),"Bez kaptura, przyzwoite, 0 pp.., z pasem.",,79,-223,-487
Wełna,"1m kwadr, + 1 KON w nocy, gdy zimno i w przeziębieniu. Ciepłe.",4000,79,-224,-488
Wojłok,1m2. (Wojłok to kiepski filc z odpadów wełny i sierści).,,79,-225,-489
Zarękawice skórzane,1 pp. Mogą służyć jako osłona przed szponami ptaków łownych.,,79,-225,-490
Złotogłów,"Tkanina o osnowie jedw. i wątku ze zł. nici. In. złota lama. Czysta, 1m2.",,80,-226,-492
KTG,Rośliny,,80,-226,-493
Aloes,"Latem. Wyciąg - Na przeczyszczenie, pomaga też utrzymać ""formę"" latem.",,80,-227,-494
Aloes + kłącze perzu,"Na przeczyszczenie, 10 porcji. Patrz też: Aloes i Perz.",,80,-228,-496
Babka,"Zatrzymuje krwotok, przyspiesza gojenie. Można użyć przy chorobie żołądka.",,80,-228,-497
Bez czarny,"Owoc - na przeczyszczenie, przeziębienia. Kwiat na temperaturę. Kwiat późną wiosną.",,81,-229,-498
Brzoza,Kora to składnik odtrutek. Napar z liści jest stosowany przeciw gorączce i przeziębieniom.,,81,-229,-500
Czarna jagoda,Owoc hamuje biegunkę. Smaczne. Cena za jeden kg.,,81,-230,-501
Dąb - kora,Okłady na ranę. Napar jest dobry przeciw biegunce.,,81,-231,-502
Drewno brzozowe,"1t, stan: ok. Cena zależna od miejsca (obfitowanie w surowce).",,81,-231,-503
Drewno cisowe,"1t, stan: ok. Cena zależna od miejsca (obfitowanie w surowce).",,82,-232,-505
Drewno dębowe,"1t, stan: ok. Cena zależna od miejsca (obfitowanie w surowce).",,82,-232,-506
Drewno hebanowe,"1t, stan: ok. Cena zależna od miejsca (obfitowanie w surowce).",,82,-233,-507
Drewno jaworowe,"1t, stan: ok. Cena zależna od miejsca (obfitowanie w surowce).",,82,-234,-509
Drewno jesionowe,"1t, stan: ok. Cena zależna od miejsca (obfitowanie w surowce).",,82,-234,-510
Drewno lipowe,"1t, stan: ok. Cena zależna od miejsca (obfitowanie w surowce).",300,83,-235,-511
Drewno modrzewiowe,"1t, stan: ok. Cena zależna od miejsca (obfitowanie w surowce).",,83,-235,-513
Drewno sandałowcowe,"1t, stan: ok. Cena zależna od miejsca (obfitowanie w surowce).",,83,-236,-514
Drewno sosnowe,"1t, stan: ok. Cena zależna od miejsca (obfitowanie w surowce).",,83,-237,-515
Drewno świerkowe,"1t, stan: ok. Cena zależna od miejsca (obfitowanie w surowce).",,83,-237,-516
Drewno żelazne,"1t, stan: ok. Cena zależna od miejsca (obfitowanie w surowce).",,84,-238,-518
Dzika róża,Soki owoców działają przeciwgorączkowo i przeciwprzeziębieniowo. Za litr soku.,,84,-238,-519
Efrys,Leczy rany (+3 do 10 KON); Porostopodobne nitki suszy się i gotuje przez 5 h.,,84,-239,-520
Elemaria,Wygląda jak ciemnofioletowa trawa. Miewa żółte kwiaty. Silny narkotyk halucynogenny.,,84,-240,-522
Głóg,Kwiat głogu pomaga na serce. Późna wiosna.,,84,-240,-523
Ifryt,Do odtrutek i antytoksyn.,,85,-241,-524
Isharteria,"Cały rok. Uspakaja. Na nerwicę, szał, nadaktywność, bezsenność. B. silny środek.",,85,-241,-526
Jałowiec,Owoc pomaga na Nerki i wątrobę.,,85,-242,-527
Jemioła,Wywar na krzepnięcie krwi; ziele - na serce. Okres od jesieni do wczesnej wiosny.,,85,-243,-528
Korzeń mydelnicy,,,85,-243,-529
Krwawnik,"Na krzepnięcie krwi (tamuje ciągle krwotoki, np. z nosa). Na wątrobę. Zbiera się latem.",,86,-244,-531
Księżycowe Ziele,"Szalej, 10 porcji",,86,-244,-532
Letteria,"Na przeczyszczenie, żołądek. Składnik odtrutek. Duży krzew z małymi, okrągłymi listkami.",,86,-245,-533
Likenia,"Napar powoduje po 2-5 min ok. 10 min. sklerozę, Tylko stawy i bagna, wiosną.",,86,-246,-535
Lipa,Kwiat pomaga na żołądek; jest dobry przeciw gorączce i przeziębieniom.,,86,-246,-536
Lotos Czarny lub biały,"Rośnie tylko w obszarach tropikalnych. Czarny zabija, Biały budzi.",,87,-247,-537
Maliny,Sok dobry na przeziębienie i gorączkę. Cena za jeden kg.,,87,-247,-539
Merfilia,"Tylko jesienią. Regularne okłady z liści czasem przywracają wzrok, 10 porcji.",,87,-248,-540
Mięta,"1 m. wys., roztarta pachnie. Wiosna-jesień. Odkaża rany. Napar uspokaja.",,87,-249,-541
Nefai,"Potężne zioło. Za dużo - zabija. Sam zapach leczy ciało i duszę, serce i rozum.",,87,-249,-542
Nokitia,"Po zaparzeniu +1 KON; 10porcji. Na skrajach lasów i łąk. Małe, szarozielone roślinki.",,88,-250,-544
Onhe,Czerwone kwiaty rosnące w pękach na szczytach wielkich drzew onhe.,,88,-250,-545
Orczyk Górski (kwiat),"Rzadki, piękny kwiat górski, błękitny, mały, zapach pomaga trzeźwo myśleć.",,88,-251,-546
Orzechy,"Na sklerozę, cena za jeden kg.",,88,-252,-548
Perz,Kłącze jest na przeczyszczenie. Wiosna - jesień.,,88,-252,-549
Piołun,"Wywary dobre na żołądek, wątrobę, 10 porcji.",,89,-253,-550
Pokrzywa,"Liść - na wątrobę, hamuje krwawienie, moczopędny, przeciw biegunce.",,89,-253,-552
Poziomka (liście),Wywar z liści pomaga na nerki.,,89,-254,-553
Ranea,"Zaparzyć i obwinąć ranę - KON rośnie szybciej. Duża, paprotkowata.",,89,-255,-554
Rumianek,"Napar z kwiatów - na żołądek; też uspokaja; przeciw biegunce, gorączce, przeziębieniom.",,89,-255,-555
Srebrne tulipany,Niezwykle rzadkie kwiaty ozdobne.,,90,-256,-557
Szalej,Patrz: Księżycowe Ziele.,,90,-256,-558
Szałwia,"Liście odkażają rany. Napar z liści - na żołądek, przeciw biegunce. Świetna odtrutka.",,90,-257,-559
Tasznik,Wywar dobry na krzepnięcie krwi. Tylko wiosna i lato.,,90,-258,-561
Tulipan królewski,Kwiat ozdobny,,90,-258,-562
Tymianek,Odkaża rany. Wiosna i wczesne lato.,,91,-259,-563
Wierzba - kora,Okład przyspiesza gojenie. Napar działa przeciwgorączkowo.,,91,-259,-565
Złota lilia wodna,"Kwiat ozdobny, wodny.",,91,-260,-566
KTG,Jedzenie,,91,-261,-567
Bigos na świńskim ryju,Potrawa ciepła.,,91,-261,-568
Bita śmietana,"Potrawa zimna, rzadkość.",,92,-262,-570
Bitki Cielęce w sosie własnym,Potrawa ciepła.,,92,-262,-571
Botwinka,"Potrawa ciepła, patrz też: Zupy.",,92,-263,-572
Danie w karczmie,Przeciętne.,,92,-264,-574
Danie w karczmie,Ziemniaki piecz. +sałatka +kurczę piecz. +grochowa + sos + owoce + sok.,,92,-264,-575
Desery owocowe,Potrawa zimna,,93,-265,-576
Dżin,Puchar 1/4 litra.,,93,-265,-578
Fasolka po keharsku,Potrawa ciepła,,93,-266,-579
Flaki,"Potrawa ciepła, patrz też: Zupy.",,93,-267,-580
Galareta ze świńskich nóżek,"Potrawa zimna, z octem",,93,-267,-581
Grochowa,"Potrawa ciepła, patrz też: Zupy.",,94,-268,-583
Gulasz,Potrawa ciepła,,94,-268,-584
Herbata,Kubek 1/4 litra.,,94,-269,-585
Jajecznica,Potrawa ciepła,,94,-270,-587
Jajka na bekonie,Potrawa ciepła,,94,-270,-588
Karp w galarecie,Potrawa zimna,,95,-271,-589
Kawa,Kubek 1/4 litra.,,95,-271,-591
Kluski,Potrawa ciepła,,95,-272,-592
Kurczę pieczone,Potrawa ciepła (1/4 całego kurczaka),,95,-273,-593
Legumina,Potrawa zimna,,95,-273,-594
Miód Pitny,Puchar 1/4 litra.,,96,-274,-596
Mleko,Kubek 1/2 litra.,,96,-274,-597
Naleśniki z serem,Potrawa ciepła,,96,-275,-598
Okowita,Kubek 1/4 litra.,,96,-276,-600
Pasztet zajęczy,Potrawa zimna,,96,-276,-601
Pieczona kiełb. z musztardą,Potrawa ciepła,,97,-277,-602
Pierogi,Na ciepło lub na zimno.,,97,-277,-604
Piwo,Kufel 1/2 litra.,,97,-278,-605
Pomidorowa z kluskami,"Potrawa ciepła, patrz też: Zupy.",,97,-279,-606
Poncz,Kubek 1/4 litra.,,97,-279,-607
Przyprawy,Dodatek do dania,,98,-280,-609
Rosół kurzy,"Potrawa ciepła, patrz też: Zupy",,98,-280,-610
Sałatka warzywna,Mizeria z pomidorami,,98,-281,-611
Samogon,Kubek 1/4 litra.,,98,-282,-613
Schabowy,Potrawa ciepła,,98,-282,-614
Słowicze języki,"Potrawa zimna, rzadkość",,99,-283,-615
Sosy,Dodatek do dania,,99,-283,-617
Tuńczyk w oleju,Potrawa zimna,,99,-284,-618
Udziec barani,Potrawa ciepła,,99,-285,-619
Wędliny,Dodatek do dania,,99,-285,-620
Węgorz wędzony,"Potrawa zimna, rzadkość",,100,-286,-622
Wino,Puchar 1/4 litra.,,100,-286,-623
Ziemniaki piecz. lub gotowane,Dodatek do dania,,100,-287,-624
Zupa,,,100,-288,-626
Żeberka,Potrawa ciepła,,100,-288,-627
Żurek z kiełbaskami,"Potrawa ciepła, patrz też: Zupy",,101,-289,-628
Bób,1kg.,,101,-289,-630
Buraki,Psuje się po 30 dniach; potrzeba urozmaicenia. 1kg.,,101,-290,-631
Cebula,Psuje się po 30 dniach; potrzeba urozmaicenia. 1kg.,1,101,-291,-632
Chleb,Psuje się po 6 dniach; potrzeba urozmaicenia. Kilogramowy bochenek.,,101,-291,-633
"Ciasta, ciasteczka",Psuje się po 3 dniach; potrzeba urozmaicenia. 1kg.,,102,-292,-635
Cukier,Nieoczyszczony. 1kg.,,102,-292,-636
Cynamon,1kg.,,102,-293,-637
Cytryna,1kg.,7,102,-294,-639
Czereśnie,1kg.,,102,-294,-640
Czosnek,"Warkocz ok. 0,5 kg.",3,103,-295,-641
Dżin,"Trunek, może mieć kilka odmian (różne ceny). 1l.",,103,-295,-643
Fasola,1kg.,,103,-296,-644
Figi,"1kg. Dużo zależy, gdzie są sprzedawane.",,103,-297,-645
Goździki,1kg. Przyprawa.,,103,-297,-646
Groszek,1kg.,,104,-298,-648
Gruszki,1kg.,,104,-298,-649
Grzyby,"Patrz: Prawdziwki, rydze, Podgrzybki, Kurki, Trufle, Pieczarki, Olszówki, Kanie, Maślaki.",,104,-299,-650
Herbata,Na 40 litrów (paczuszka waży ok. 20 dkg.),,104,-300,-652
Imbir,1kg.,,104,-300,-653
Jabłka,1kg.,,105,-301,-654
Jagody,"1kg, cena dotyczy obszarów, gdzie w miarę o nie łatwo w okolicznych lasach.",,105,-301,-656
Jaja,10 sztuk. Po tygodniu lepiej nie jeść (i nie zbliżać się).,,105,-302,-657
Jałowcówka,"Trunek, może mieć kilka odmian (różne ceny). 1l.",,105,-303,-658
Jeżyny,"1kg, cena dotyczy obszarów, gdzie w miarę o nie łatwo w okolicznych lasach.",,105,-303,-659
Kalafior,1 główka ok. 1kg.,,106,-304,-661
Kanie,"1kg, cena dotyczy obszarów, gdzie w okolicznych lasach rosną grzyby.",,106,-304,-662
Kapusta,1kg.,,106,-305,-663
Kapusta kiszona,1kg.,,106,-306,-665
Kartofle,Patrz: Ziemniaki,,106,-306,-666
Kawa,Na 10 litrów (paczuszka waży ok. 20dkg.),,107,-307,-667
Kiełbasa zwykła,1kg.,,107,-307,-669
Kompot lub sok,1l.,,107,-308,-670
Koper,1kg.,,107,-309,-671
Koźlaki,"1kg, cena dotyczy obszarów, gdzie w okolicznych lasach rosną grzyby.",,107,-309,-672
Kukurydza,3 kolby (około 1kg),,108,-310,-674
Kurki,"1kg, cena dotyczy obszarów, gdzie w okolicznych lasach rosną grzyby.",,108,-310,-675
Liście lauru,1kg,,108,-311,-676
Liście osne,Przyprawa.,,108,-312,-678
Maliny,"1kg, cena dotyczy obszarów, gdzie w miarę o nie łatwo w okolicznych lasach.",,108,-312,-679
Marchew,1kg.,,109,-313,-680
Maślaki,"1kg, cena dotyczy obszarów, gdzie w okolicznych lasach rosną grzyby.",,109,-313,-682
Mąka,1kg.,,109,-314,-683
Mięso,"Psuje się po 5 dniach; potrzeba urozmaicenia. Może być gotowane, pieczone itd..",,109,-315,-684
Miód pitny,"Trunek, może mieć kilka odmian (różne ceny). 1l.",,109,-315,-685
Mleko,Psuje się po 4 dniach. 1l.,,110,-316,-687
Mleko zsiadłe,1l.,,110,-316,-688
Mrożone mięso,"Dostępne tylko tam, gdzie jest lód. Psuje się 3 dni po odmrożeniu; potrzeba urozmaicenia.",,110,-317,-689
Ogórki,1kg.,,110,-318,-691
Ogórki kiszone,1 beczka 5kg.,,110,-318,-692
Okowita,"Trunek, może mieć kilka odmian. 1l.",,111,-319,-693
Olej rzepakowy,1l.,,111,-319,-695
Olszówki,"1kg, cena dotyczy obszarów, gdzie w okolicznych lasach rosną grzyby.",,111,-320,-696
Orzechy drzewne,1kg.,,111,-321,-697
Orzechy laskowe,1kg.,125,111,-321,-698
Orzechy ziemne,1kg.,,112,-322,-700
Owies,Dla koni. 5kg.,,112,-322,-701
Papryka,1kg.,12,112,-323,-702
Pieczarki,1kg.,,112,-324,-704
Pieprz,1kg,20,112,-324,-705
Pietruszka,1kg.,,113,-325,-706
Piwo ciemne,"Trunek, może mieć kilka odmian. 1l.",,113,-325,-708
Piwo jasne,"Trunek, może mieć kilka odmian. 1l.",,113,-326,-709
Placki,Psuje się po 4 dniach. 1kg.,,113,-327,-710
Podgrzybki,"1kg, cena dotyczy obszarów, gdzie w okolicznych lasach rosną grzyby.",,113,-327,-711
Pomidory,1kg.,,114,-328,-713
Poncz,1l.,,114,-328,-714
Pora,1kg.,,114,-329,-715
Pora,1kg.,,114,-330,-717
Porzeczki,1kg.,,114,-330,-718
Poziomki,"1kg, cena dotyczy obszarów, gdzie w miarę o nie łatwo w okolicznych lasach.",,115,-331,-719
Prawdziwki,"1kg, cena dotyczy obszarów, gdzie w okolicznych lasach rosną grzyby.",,115,-331,-721
Pyry,Patrz: Ziemniaki.,,115,-332,-722
Rabarbar,1 kg.,,115,-333,-723
Racja podróżna 1) podstawowa,"Suchary, suszone lub mrożone mięso, woda. Niezbyt smaczne i monotonne.",,115,-333,-724
Racja podróżna 2) przeciętna,"Podstawowa racja wzbogacona o wędliny, warzywa, zboża, jabłka.",,116,-334,-726
Racja podróżna 3) bogata,"Racja bogata, lecz nietrwała: chleb, wino lub piwo i woda, owoce, warzywa, mięsa, ryby.",,116,-334,-727
Ryby,Psuje się po 3 dniach; potrzeba urozmaicenia. 1kg.,,116,-335,-728
Rydze,"1kg, cena dotyczy obszarów, gdzie w okolicznych lasach rosną grzyby.",,116,-336,-730
Ryż,1kg.,,116,-336,-731
Rzepa,1kg.,,117,-337,-732
Rzodkiewka,1kg.,,117,-337,-734
Sałata,1kg. (ok. 6-8 główek),,117,-338,-735
Samogon,"Trunek, może mieć kilka odmian, (koniak lub brandy). 1l.",,117,-339,-736
Seler,1kg.,,117,-339,-737
Ser (żółty),1kg.,,118,-340,-739
Słonecznik,1 talerz.,,118,-340,-740
Solony śledź,1kg (3 śledzie).,,118,-341,-741
Sól,1kg,5,118,-342,-743
Suchary,Psuje się dzień po namoczeniu; potrzeba urozmaicenia. 1kg.,,118,-342,-744
Suszone mięso,Psuje się 10 dni po namoczeniu; potrzeba urozmaicenia. 1kg.,,119,-343,-745
Szafran,1kg.,,119,-343,-747
Szczypior,1kg. (ok. 6 pęczków),,119,-344,-748
Śliwki,1kg.,,119,-345,-749
Śmietana,1l.,,119,-345,-750
Trufle,1kg.,,120,-346,-752
Truskawki,1kg.,,120,-346,-753
Twaróg,"Po dwóch dniach suchszy, po 5 się psuje; potrzeba urozmaicenia.1kg.",,120,-347,-754
Tytoń,1kg.,,120,-348,-756
Wędliny,1kg.,,120,-348,-757
Wino białe,"Trunek, może mieć kilka odmian (różne ceny). 1l.",,121,-349,-758
Wino czerwone,"Trunek, może mieć kilka odmian (różne ceny). 1l.",,121,-349,-760
Winogron,1kg.,,121,-350,-761
Wiśnie,1kg.,,121,-351,-762
Woda,Pitna,,121,-351,-763
Ziemniaki,Psuje się po pół roku; potrzeba urozmaicenia. 1kg.,,122,-352,-765
Szpinak,1kg.,10,122,-352,-766
KTG,Towary,,122,-353,-767
Agat,"10g., bez skazy.",,122,-354,-769
Alabaster (czysty minerał),"1kg, stan: ok. Cena zależna od miejsca (obfitowanie w surowce).",,122,-354,-770
Ametyst,"10g., bez skazy.",,123,-355,-771
Beryl,"10g., bez skazy.",,123,-355,-773
Brylant,"10g., bez skazy.",,123,-356,-774
Diament,"10g., bez skazy.",,123,-357,-775
Drewno akacjowe,"1t, stan: ok. Cena zależna od miejsca (obfitowanie w surowce).",,123,-357,-776
Drewno brzozowe,"1t, stan: ok. Cena zależna od miejsca (obfitowanie w surowce).",,124,-358,-778
Drewno cisowe,"1t, stan: ok. Cena zależna od miejsca (obfitowanie w surowce).",,124,-358,-779
Drewno dębowe,"1t, stan: ok. Cena zależna od miejsca (obfitowanie w surowce).",,124,-359,-780
Drewno hebanowe,"1t, stan: ok. Cena zależna od miejsca (obfitowanie w surowce).",,124,-360,-782
Drewno jaworowe,"1t, stan: ok. Cena zależna od miejsca (obfitowanie w surowce).",,124,-360,-783
Drewno jesionowe,"1t, stan: ok. Cena zależna od miejsca (obfitowanie w surowce).",,125,-361,-784
Drewno lipowe,"1t, stan: ok. Cena zależna od miejsca (obfitowanie w surowce).",,125,-361,-786
Drewno modrzewiowe,"1t, stan: ok. Cena zależna od miejsca (obfitowanie w surowce).",,125,-362,-787
Drewno sandałowcowe,"1t, stan: ok. Cena zależna od miejsca (obfitowanie w surowce).",,125,-363,-788
Drewno sosnowe,"1t, stan: ok. Cena zależna od miejsca (obfitowanie w surowce).",,125,-363,-789
Drewno świerkowe,"1t, stan: ok. Cena zależna od miejsca (obfitowanie w surowce).",,126,-364,-791
Drewno żelazne,"1t, stan: ok. Cena zależna od miejsca (obfitowanie w surowce).",,126,-364,-792
Efaril,10g. (niezwykle twardy),,126,-365,-793
Jaspis,"10g., bez skazy.",,126,-366,-795
Koral,"10g., bez skazy.",,126,-366,-796
Korzeń mydelnicy,,,127,-367,-797
Kość słoniowa,"10g., bez skazy.",,127,-367,-799
Kryształ górski,"10g., bez skazy.",,127,-368,-800
Krzem,"1t, stan: ok. Cena zależna od miejsca i jakości.",,127,-369,-801
Morski Kamień,"10g., bez skazy.",,127,-369,-802
Opal,"10g., bez skazy.",,128,-370,-804
Perły,"Jedna, 10g., bez skazy.",,128,-370,-805
Platyna,10g.,,128,-371,-806
Porcelana,"1kg, stan: ok. Cena zależna od miejsca (obfitowanie w surowce).",,128,-372,-808
Rubin,"10g., bez skazy.",,128,-372,-809
Ruda aluminium,"1t, stan: ok. Cena zależna od miejsca (obfitowanie w surowce).",,129,-373,-810
Ruda cynku,"1kg, stan: ok. Cena zależna od miejsca (obfitowanie w surowce).",2250,129,-373,-812
Ruda fosforu,"1kg, stan: ok. Cena zależna od miejsca (obfitowanie w surowce).",700,129,-374,-813
Ruda miedzi,"1t, stan: ok. Cena zależna od miejsca (obfitowanie w surowce).",,129,-375,-814
Ruda niklu,"1kg, stan: ok. Cena zależna od miejsca (obfitowanie w surowce).",,129,-375,-815
Ruda ołowiu,"1t, stan: ok. Cena zależna od miejsca (obfitowanie w surowce).",,130,-376,-817
Ruda siarki,"1kg, stan: ok. Cena zależna od miejsca (obfitowanie w surowce).",,130,-376,-818
Ruda żelaza,"1t, stan: ok. Cena zależna od miejsca (obfitowanie w surowce).",890,130,-377,-819
Smoła,"Zwykle robiona gwoli potrzeby z węgla, torfu i drewna. Tu: 10 litrów, bez kadzi.",,130,-378,-821
Sól,"1t, stan: ok. Cena zależna od miejsca (obfitowanie w surowce).",,130,-378,-822
Srebrne tulipany,Niezwykle rzadkie kwiaty ozdobne.,,131,-379,-823
Srebro,10g. (monety mają domieszkę i jest w nich 20g. srebra.),,131,-379,-825
Szafir,"10g., bez skazy.",,131,-380,-826
Szmaragd,"10g., bez skazy.",,131,-381,-827
Topaz,"10g., bez skazy.",2000,131,-381,-828
Torf,"1t, stan: ok. Cena zależna od miejsca (obfitowanie w surowce).",,132,-382,-830
Tulipan królewski,Kwiat ozdobny,,132,-382,-831
Węgiel antracyt,"1t, stan: ok. Cena zależna od miejsca (obfitowanie w surowce).",,132,-383,-832
Węgiel brunatny,"1t, stan: ok. Cena zależna od miejsca (obfitowanie w surowce).",,132,-384,-834
Węgiel czarny (kamienny),"1t, stan: ok. Cena zależna od miejsca (obfitowanie w surowce).",,132,-384,-835
Wojłok,1m2. (Wojłok to kiepski filc z odpadów wełny i sierści).,,133,-385,-836
Wytopiona miedź,"1kg. Jak wytopy, ok. 2* droższa od rudy i zal. od jakości wytopu.",,133,-385,-838
Wytopiona stal,1kg. Zależy bardzo od jakości wytopu.,,133,-386,-839
Wytopione żelazo,"1kg. Jak wytopy, ok. 2* droższa od rudy i zal. od jakości wytopu.",,133,-387,-840
Ziemia,Hektar dobrej ziemi uprawnej za miastem. Cena zależy bardzo od miejsca i jakości ziemi.,,133,-387,-841
Złota lilia wodna,"Kwiat ozdobny, wodny.",,134,-388,-843
Złoto,10g. (monety mają domieszkę i jest w nich 10 g. złota.,,134,-388,-844
Żelazo,Patrz: Wytopione żelazo lub Ruda żelaza.,,134,-389,-845
KTG,Zwierzęta,,134,-390,-847
Baran,12R.,,134,-390,-848
Bineth,Patrz: Muł.,,135,-391,-849
Byk,Płodny. 25R niesmacznego mięsa.,,135,-391,-851
Cielę,6 miesięcy. 6R.,,135,-392,-852
Drób,"1R, żywi się sam, żyje do pół roku.",,135,-393,-853
Dzik,Oczywiście martwy. 10R.,,135,-393,-854
Gęś,1R,,136,-394,-856
Gołąb,1/2R,,136,-394,-857
Gołąb pocztowy,1/2R. Wytrenowany do przenoszenia wiadomości.,,136,-395,-858
Kapłon,(Młody kogut wykastrowany dla smaczniejszego mięsa). 1R.,,136,-396,-860
Kogut,Pieje.,,136,-396,-861
Koń bojowy ciężki,Z uposażeniem. Szkolony do zachowania względnego spokoju w czasie bitwy.,,137,-397,-862
Koń bojowy lekki,Z uposażeniem. Szkolony do zachowania względnego spokoju w czasie bitwy.,,137,-397,-864
Koń bojowy średni,Z uposażeniem. Szkolony do zachowania względnego spokoju w czasie bitwy.,,137,-398,-865
Koń chłopski,"Przec.18km/h, max 45 km/h, 20R. Podczas bitwy płoszy się łatwo, nie jest też zbyt szybki.",,137,-399,-866
Koń pociągowy,Z chomątem i uposażeniem.,8000,137,-399,-867
Koń wierzchowy,Bez siodła i innego uposażenia.,,138,-400,-869
Koń z uposażeniem do jazdy,"W uposażeniu: uzda, wędzidło, lejce, popręgi, puśliska, strzemiona, derka, dobre siodło.",,138,-400,-870
Kot,"1R, szybki, łowi gryzonie, dość inteligentny",,138,-401,-871
Kot,"Domowy, ""ozdobny""",,138,-402,-873
Koza,"10R, raz dziennie mleko, często uparta.",,138,-402,-874
Krowa,"Może mieć mleko, 20R. Dobra jałówka.",,139,-403,-875
Kucyk,"Nosi do 100kg, 10R, szybszy od osiołka.",,139,-403,-877
Kura,Nioska.,,139,-404,-878
Kuropatwa,Oczywiście martwa. 1R.,,139,-405,-879
Muł albo Bineth,"20R, nieco wolniejsze od konia, noszą do 300kg.",,139,-405,-880
Osiołek,"Nosi do 100kg, 14R, wolniejszy od kucyka.",,140,-406,-882
Owca,"10R, dwa razy do roku wełna.",,140,-406,-883
Perliczka,Martwa. 1/2R.,,140,-407,-884
Pies,"Ok. 7R, szybki, dość inteligentny.",,140,-408,-886
Pies bojowy,6R. Dobrze szkolony.,,140,-408,-887
Pies myśliwski,6R. Dobrze szkolony.,,141,-409,-888
Pies stróżujący,6R,,141,-409,-890
Ptak śpiewający,Kanarek,,141,-410,-891
Slant,"15R, wolny, ale może być zwierzęciem bojowym. Nosi do 100kg.",,141,-411,-892
Sokół,"Młody, niewytresowany.",,141,-411,-893
Sokół (wyszkolony),"3R, szybki, wytresowany do polowań. Z kapturem.",,142,-412,-895
Świnia,"20R, żarłoczne i brudne",,142,-412,-896
KTG,Usługi,,142,-413,-897
Dostarczenie wiadomości,W mieście.,,142,-414,-899
Kąpiel,W karczmie,,142,-414,-900
Kursy umiejętności,"Cena zależy od rodzaju, poziomu kursu i szkoły oraz nauczyciela.",,143,-415,-901
Lekarz,Patrz: Usługi zielarza.,,143,-415,-903
Łazienka oddzielna w pokoju,,,143,-416,-904
Morderca,"Jedno morderstwo, stosunkowo bezpieczna robota, nikt znaczący.",,143,-417,-905
Naprawa butów,"Mocno schodzone, ale możliwe do naprawienia.",,143,-417,-906
Naprawa dachu,"Cała strzecha, słomiana, ok. 10m2.",,144,-418,-908
Naprawa odzienia,"Mocno postrzępione, ale możliwe do naprawienia.",,144,-418,-909
Nocleg w karczmie,"Nie zawsze jest dostępny, +1 do +3 KON więcej niż zwykle. Oczywiście, wspólna izba.",,144,-419,-910
Nocleg w karczmie,W osobnym lub dwuosobowym pokoju /od osoby.,,144,-420,-912
Obróbka (sama) kruszców szl.,"Przeciętna robota, 10g. złota i mały diament, forma pierścionka.",,144,-420,-913
Oprawienie futra,1m. kwadratowy.,,145,-421,-914
Płaca za 1 dzień.,Przeciętna płaca.,,145,-421,-916
Płaca za 30 dni,"Przeciętna płaca, za którą człowiek może dosyć przyzwoicie wyżyć przez 30 dni.",,145,-422,-917
Podkucie konia,"Wraz z kupnem podkowy, solidna robota.",,145,-423,-918
Pokój w gospodzie kiepski,Dwuosobowy.,,145,-423,-919
Pokój w gospodzie zwykły,Dwuosobowy.,,146,-424,-921
Pokój w mieście kiepski,Dwuosobowy.,,146,-424,-922
Pokój w mieście zwykły,Dwuosobowy.,,146,-425,-923
Pranie,W pralni.,,146,-426,-925
Przefarbowanie skóry,1m. kwadratowy.,,146,-426,-926
Przewodnik,"Za jeden dzień, w mieście.",,147,-427,-927
Przewodnik,"Dobry, bystry przewodnik, na 1 dzień w trudnym, niebezpiecznym terenie.",,147,-427,-929
"Stajnia, siano i obrok dla konia",Za 1 dzień.,,147,-428,-930
Sygnet lub pieczęć,Wykonanie z drewna i metalu.,,147,-429,-931
Transport wodny,1 miejsce na łodzi na 1 dzień.,,147,-429,-932
Usługi bartnika,1litr miodu. Można u niego także zdobyć wosk pszczeli.,,148,-430,-934
Usługi bednarza,"(Wyrób naczyń z drewna, z klepek). Zbicie beczki 4-litrowej lub wiadra (10 litrów).",,148,-430,-935
Usługi dekarza,Patrz: Naprawa dachu.,,148,-431,-936
Usługi dymarza,Wytopienie żelaza z 1kg. rudy. Średnia jakość produktu.,,148,-432,-938
Usługi fryzjerskie,"Ogolenie, przycięcie włosów.",,148,-432,-939
Usługi garncarza,Utoczenie garnka glinianego 3-litrowego.,,149,-433,-940
Usługi kołodzieja,"(robi on wozy, zwłaszcza koła) Naprawa koła u wozu.",,149,-433,-942
Usługi kominiarza,Przeczyszczenie komina.,,149,-434,-943
Usługi kuśnierza,"(Futro, skóra). Uszycie futrzanej czapy. Bez kosztów materiału.",,149,-435,-944
Usługi płatnerza,"Patrz konkretny rodzaj usług: ""Wykucie..."".",,149,-435,-945
Usługi rymarza,(Skóra i skóropodobne materiały). Wyprawienie i wycięcie skóry jelenia na kamizelkę.,,150,-436,-947
Usługi snycerza,(Artystyczne rzeźbienie w drewnie lub kamieniu). Wykucie kamiennej statuetki.,,150,-436,-948
Usługi stolarza,Zbicie krzesła. Bez kosztów materiału.,,150,-437,-949
Usługi szewca,Patrz: Uszycie ubrania.,,150,-438,-951
Usługi szkutnika,"Za naprawę burt i dna, które są mocno nadwyrężone, 10m2.",,150,-438,-952
Usługi towarzyskie,"Nocne, nikt specjalny.",,151,-439,-953
Usługi zduna,(Wyrobnika i konserwatora pieców). Naprawa pieca.,,151,-439,-955
Usługi zielarza,Np. za złożenie złamania nogi i zioła leczące.,,151,-440,-956
Uszycie ubrania (od podstaw),"Bez kosztów materiału, robota finezyjna, trudna.",,151,-441,-957
Włamywacz,"Jedno włamanie, stosunkowo bezpieczna robota.",,151,-441,-958
Wstępne w Gildii Kupców,Mogą istnieć dodatkowe warunki.,,152,-442,-960
Wstępne w Gildii Wojowników,Mogą istnieć dodatkowe warunki.,,152,-442,-961
Wykucie folg,Para. Czas kucia: 20 dni. 10 pp.,,152,-443,-962
Wykucie hełmu,Bez zasłony twarzy. Czas kucia: 20 dni. 8 pp.,15920,152,-444,-964
Wykucie hełmu z siatką,Bez zasłony twarzy. Czas kucia: 35 dni. 10 pp.,,152,-444,-965
Wykucie miecza jednoręcznego,Czas kucia: 3 dni (choć dobry miecz może zabrać i 100 dni). Tu: zwykły miecz.,,153,-445,-966
Wykucie nagolennika,Czas kucia: 10 dni. 10 pp.,,153,-445,-968
Wykucie nakolannika,Czas kucia: 9 dni. 10 pp.,,153,-446,-969
Wykucie nałokcicy,Czas kucia: 8 dni. 10 pp.,,153,-447,-970
Wykucie napierśnika,"Duży, dopasowany (zasłania górną część brzucha) Czas kucia: 15 dni. 10 pp.",,153,-447,-971
Wykucie naramiennika,Czas kucia: 10 dni. 10 pp.,,154,-448,-973
Wykucie noża,Czas kucie: 2 dni (choć dziennie można zrobić kilka). Tu: zwykły nóż.,,154,-448,-974
Wykucie opachy,Czas kucia: 4 dni. 10 pp.,,154,-449,-975
Wykucie ostrza strzały,Czas kucia: 1 dzień (choć dziennie można zrobić nawet kilkadziesiąt). Tu: zwykłe ostrze.,,154,-450,-977
Wykucie pełnej zbroi,"Płytowa, z hełmem. Min. 220 dni kucia. 10 pp.",,154,-450,-978
Wykucie rękawic stalowych,Para. 8 pp. Czas kucia: 23 dni.,,155,-451,-979
Wykucie sztyletu,Czas kucia: 6 dni. Zwykły sztylet.,,155,-451,-981
Wykucie topora bojowego,"Czas kucia: 1 dzień (spiesząc się, dziennie można zrobić ze dwa; 30 dni.",,155,-452,-982
Wynagrodzenie,Patrz: Płaca za 30 dni lub za 1 dzień.,,155,-453,-983
Wynajem łodzi,Łódź żaglowo-wiosłowa o wyp. 20t i załodze 5 lub 15 os. Wynajem żaglowca z 5-os. Zał.,,155,-453,-984
Wynajem nauczyciela,"Od osoby za 5h nauczania na słabym poziomie, poza szkołą.",,156,-454,-986
Wynajem oddziału zbrojnego,"20 tęgich wojów z łukami, mieczami i toporami, na koniach. Oddział regularny.",,156,-454,-987
Wynajem służącego,"Jeden dzień służby, przeciętność. Bez zapewniania jedzenia itp.",,156,-455,-988
Wynajem wojownika,"Zwykły piechur z mieczem i tarczą, na 30 dni; bez zapewnienia wyżywienia.",,156,-456,-990
Wynajem wozu,"Na 1 dzień drogi. Duży, kryty wóz. Bez woźnicy (patrz: Wynajem woźnicy).",,156,-456,-991
Wynajem woźnicy,Na 1 dzień.,,157,-457,-992
Wynajęcie domu,"10 m2, w mieście, bez sprzętów, na 1 dzień, kiepska dzielnica i dom.",,157,-457,-994
Załatanie butów,"Mocno schodzone, ale możliwe do naprawienia.",,157,-458,-995